Timestamp,Prompt_Name,Agent_Name
Wed Aug 19 14:20:47 IST 2026,Auto_Prompt_4de13fc6,Agent_Auto_Prompt_4de13fc6
Wed Aug 19 14:20:47 IST 2026,Auto_Prompt_25859f19,Agent_Auto_Prompt_25859f19
Wed Aug 19 14:20:47 IST 2026,Auto_Prompt_70136e7d,Agent_Auto_Prompt_70136e7d
Wed Aug 19 14:20:48 IST 2026,Auto_Prompt_a03486a2,Agent_Auto_Prompt_a03486a2
Wed Aug 19 14:20:48 IST 2026,Auto_Prompt_117f1397,Agent_Auto_Prompt_117f1397
Wed Aug 19 14:20:48 IST 2026,Auto_Prompt_c2f46e0b,Agent_Auto_Prompt_c2f46e0b
Wed Aug 19 14:20:48 IST 2026,Auto_Prompt_0dd8f57c,Agent_Auto_Prompt_0dd8f57c
Wed Aug 19 14:20:48 IST 2026,Auto_Prompt_c107081d,Agent_Auto_Prompt_c107081d
Wed Aug 19 14:20:49 IST 2026,Auto_Prompt_0c06e01c,Agent_Auto_Prompt_0c06e01c
Wed Aug 19 14:20:49 IST 2026,Auto_Prompt_0e993223,Agent_Auto_Prompt_0e993223
Wed Aug 19 14:20:49 IST 2026,Auto_Prompt_e196578f,Agent_Auto_Prompt_e196578f
Wed Aug 19 14:20:49 IST 2026,Auto_Prompt_22caf567,Agent_Auto_Prompt_22caf567
Wed Aug 19 14:20:49 IST 2026,Auto_Prompt_b964d551,Agent_Auto_Prompt_b964d551
Wed Aug 19 14:20:50 IST 2026,Auto_Prompt_5fb880b2,Agent_Auto_Prompt_5fb880b2
Wed Aug 19 14:20:50 IST 2026,Auto_Prompt_6c8b0503,Agent_Auto_Prompt_6c8b0503
Wed Aug 19 14:20:50 IST 2026,Auto_Prompt_66b400c8,Agent_Auto_Prompt_66b400c8
Wed Aug 19 14:20:51 IST 2026,Auto_Prompt_8c554616,Agent_Auto_Prompt_8c554616
Wed Aug 19 14:20:51 IST 2026,Auto_Prompt_c4f4f91d,Agent_Auto_Prompt_c4f4f91d
Wed Aug 19 14:20:51 IST 2026,Auto_Prompt_89e94804,Agent_Auto_Prompt_89e94804
Wed Aug 19 14:20:51 IST 2026,Auto_Prompt_a5d1c189,Agent_Auto_Prompt_a5d1c189
Wed Aug 19 14:20:51 IST 2026,Auto_Prompt_b2da5dc0,Agent_Auto_Prompt_b2da5dc0
Wed Aug 19 14:20:51 IST 2026,Auto_Prompt_4e05d078,Agent_Auto_Prompt_4e05d078
Wed Aug 19 14:20:51 IST 2026,Auto_Prompt_74494c4d,Agent_Auto_Prompt_74494c4d
Wed Aug 19 14:20:52 IST 2026,Auto_Prompt_96d7fc8d,Agent_Auto_Prompt_96d7fc8d
Wed Aug 19 14:20:52 IST 2026,Auto_Prompt_22ddd0f4,Agent_Auto_Prompt_22ddd0f4
Wed Aug 19 14:20:52 IST 2026,Auto_Prompt_2dd64896,Agent_Auto_Prompt_2dd64896
Wed Aug 19 14:20:52 IST 2026,Auto_Prompt_c0ff46a3,Agent_Auto_Prompt_c0ff46a3
Wed Aug 19 14:20:52 IST 2026,Auto_Prompt_1bfc98b2,Agent_Auto_Prompt_1bfc98b2
Wed Aug 19 14:20:52 IST 2026,Auto_Prompt_4c9b2f69,Agent_Auto_Prompt_4c9b2f69
Wed Aug 19 14:20:52 IST 2026,Auto_Prompt_857a5189,Agent_Auto_Prompt_857a5189
Wed Aug 19 14:20:52 IST 2026,Auto_Prompt_0d725024,Agent_Auto_Prompt_0d725024
Wed Aug 19 14:20:53 IST 2026,Auto_Prompt_ba783bac,Agent_Auto_Prompt_ba783bac
Wed Aug 19 14:20:53 IST 2026,Auto_Prompt_996cb1f0,Agent_Auto_Prompt_996cb1f0
Wed Aug 19 14:20:53 IST 2026,Auto_Prompt_e5f333b9,Agent_Auto_Prompt_e5f333b9
Wed Aug 19 14:20:53 IST 2026,Auto_Prompt_84834ad1,Agent_Auto_Prompt_84834ad1
Wed Aug 19 14:20:53 IST 2026,Auto_Prompt_b3c06baf,Agent_Auto_Prompt_b3c06baf
Wed Aug 19 14:20:53 IST 2026,Auto_Prompt_668a0e8b,Agent_Auto_Prompt_668a0e8b
Wed Aug 19 14:20:53 IST 2026,Auto_Prompt_66aaaeae,Agent_Auto_Prompt_66aaaeae
Wed Aug 19 14:20:53 IST 2026,Auto_Prompt_9831686c,Agent_Auto_Prompt_9831686c
Wed Aug 19 14:20:54 IST 2026,Auto_Prompt_23b9ca90,Agent_Auto_Prompt_23b9ca90
Wed Aug 19 14:20:54 IST 2026,Auto_Prompt_71f0878c,Agent_Auto_Prompt_71f0878c
Wed Aug 19 14:20:54 IST 2026,Auto_Prompt_126faca2,Agent_Auto_Prompt_126faca2
Wed Aug 19 14:20:54 IST 2026,Auto_Prompt_8b52c95a,Agent_Auto_Prompt_8b52c95a
Wed Aug 19 14:20:54 IST 2026,Auto_Prompt_ba1cbfc0,Agent_Auto_Prompt_ba1cbfc0
Wed Aug 19 14:20:54 IST 2026,Auto_Prompt_d2cf93cc,Agent_Auto_Prompt_d2cf93cc
Wed Aug 19 14:20:54 IST 2026,Auto_Prompt_adab980b,Agent_Auto_Prompt_adab980b
Wed Aug 19 14:20:54 IST 2026,Auto_Prompt_b3641355,Agent_Auto_Prompt_b3641355
Wed Aug 19 14:20:54 IST 2026,Auto_Prompt_aa7148ce,Agent_Auto_Prompt_aa7148ce
Wed Aug 19 14:20:55 IST 2026,Auto_Prompt_95cd318b,Agent_Auto_Prompt_95cd318b
Wed Aug 19 14:20:55 IST 2026,Auto_Prompt_9296d08b,Agent_Auto_Prompt_9296d08b
Wed Aug 19 14:20:55 IST 2026,Auto_Prompt_bc95b0f1,Agent_Auto_Prompt_bc95b0f1
Wed Aug 19 14:20:55 IST 2026,Auto_Prompt_2df23056,Agent_Auto_Prompt_2df23056
Wed Aug 19 14:20:55 IST 2026,Auto_Prompt_471de0f7,Agent_Auto_Prompt_471de0f7
Wed Aug 19 14:20:55 IST 2026,Auto_Prompt_ff5c703e,Agent_Auto_Prompt_ff5c703e
Wed Aug 19 14:20:55 IST 2026,Auto_Prompt_206820f9,Agent_Auto_Prompt_206820f9
Wed Aug 19 14:20:56 IST 2026,Auto_Prompt_cbe07214,Agent_Auto_Prompt_cbe07214
Wed Aug 19 14:20:56 IST 2026,Auto_Prompt_f4da60f7,Agent_Auto_Prompt_f4da60f7
Wed Aug 19 14:20:56 IST 2026,Auto_Prompt_5804dff4,Agent_Auto_Prompt_5804dff4
Wed Aug 19 14:20:56 IST 2026,Auto_Prompt_b43c85b1,Agent_Auto_Prompt_b43c85b1
Wed Aug 19 14:20:56 IST 2026,Auto_Prompt_b9542ad4,Agent_Auto_Prompt_b9542ad4
Wed Aug 19 14:20:56 IST 2026,Auto_Prompt_bb2f8063,Agent_Auto_Prompt_bb2f8063
Wed Aug 19 14:20:56 IST 2026,Auto_Prompt_1173f8d1,Agent_Auto_Prompt_1173f8d1
Wed Aug 19 14:20:56 IST 2026,Auto_Prompt_3c5c2c0c,Agent_Auto_Prompt_3c5c2c0c
Wed Aug 19 14:20:57 IST 2026,Auto_Prompt_3a096196,Agent_Auto_Prompt_3a096196
Wed Aug 19 14:20:57 IST 2026,Auto_Prompt_c41ef985,Agent_Auto_Prompt_c41ef985
Wed Aug 19 14:20:57 IST 2026,Auto_Prompt_330028e6,Agent_Auto_Prompt_330028e6
Wed Aug 19 14:20:57 IST 2026,Auto_Prompt_4b688668,Agent_Auto_Prompt_4b688668
Wed Aug 19 14:20:57 IST 2026,Auto_Prompt_251ac9a2,Agent_Auto_Prompt_251ac9a2
Wed Aug 19 14:20:57 IST 2026,Auto_Prompt_f8774f44,Agent_Auto_Prompt_f8774f44
Wed Aug 19 14:20:57 IST 2026,Auto_Prompt_a4c5ab67,Agent_Auto_Prompt_a4c5ab67
Wed Aug 19 14:20:57 IST 2026,Auto_Prompt_c3e517c3,Agent_Auto_Prompt_c3e517c3
Wed Aug 19 14:20:58 IST 2026,Auto_Prompt_efaddabd,Agent_Auto_Prompt_efaddabd
Wed Aug 19 14:20:58 IST 2026,Auto_Prompt_1a9cd0b3,Agent_Auto_Prompt_1a9cd0b3
Wed Aug 19 14:20:58 IST 2026,Auto_Prompt_645ca8c1,Agent_Auto_Prompt_645ca8c1
Wed Aug 19 14:20:58 IST 2026,Auto_Prompt_a72301a0,Agent_Auto_Prompt_a72301a0
Wed Aug 19 14:20:58 IST 2026,Auto_Prompt_4a9cc26a,Agent_Auto_Prompt_4a9cc26a
Wed Aug 19 14:20:58 IST 2026,Auto_Prompt_59821c12,Agent_Auto_Prompt_59821c12
Wed Aug 19 14:20:58 IST 2026,Auto_Prompt_97bc5f47,Agent_Auto_Prompt_97bc5f47
Wed Aug 19 14:20:58 IST 2026,Auto_Prompt_1836daf1,Agent_Auto_Prompt_1836daf1
Wed Aug 19 14:20:58 IST 2026,Auto_Prompt_b37448b2,Agent_Auto_Prompt_b37448b2
Wed Aug 19 14:20:59 IST 2026,Auto_Prompt_776bc2fa,Agent_Auto_Prompt_776bc2fa
Wed Aug 19 14:20:59 IST 2026,Auto_Prompt_1fcf632f,Agent_Auto_Prompt_1fcf632f
Wed Aug 19 14:20:59 IST 2026,Auto_Prompt_07469bba,Agent_Auto_Prompt_07469bba
Wed Aug 19 14:20:59 IST 2026,Auto_Prompt_ad091311,Agent_Auto_Prompt_ad091311
Wed Aug 19 14:20:59 IST 2026,Auto_Prompt_874c6dc6,Agent_Auto_Prompt_874c6dc6
Wed Aug 19 14:20:59 IST 2026,Auto_Prompt_d165a434,Agent_Auto_Prompt_d165a434
Wed Aug 19 14:20:59 IST 2026,Auto_Prompt_ccd2c5b2,Agent_Auto_Prompt_ccd2c5b2
Wed Aug 19 14:20:59 IST 2026,Auto_Prompt_eaec7763,Agent_Auto_Prompt_eaec7763
Wed Aug 19 14:21:00 IST 2026,Auto_Prompt_e387cffb,Agent_Auto_Prompt_e387cffb
Wed Aug 19 14:21:00 IST 2026,Auto_Prompt_fdad2a8a,Agent_Auto_Prompt_fdad2a8a
Wed Aug 19 14:21:00 IST 2026,Auto_Prompt_51d0a37c,Agent_Auto_Prompt_51d0a37c
Wed Aug 19 14:21:00 IST 2026,Auto_Prompt_444716de,Agent_Auto_Prompt_444716de
Wed Aug 19 14:21:00 IST 2026,Auto_Prompt_012ae9c8,Agent_Auto_Prompt_012ae9c8
Wed Aug 19 14:21:00 IST 2026,Auto_Prompt_c2cfad4f,Agent_Auto_Prompt_c2cfad4f
Wed Aug 19 14:21:00 IST 2026,Auto_Prompt_412aee06,Agent_Auto_Prompt_412aee06
Wed Aug 19 14:21:01 IST 2026,Auto_Prompt_95c55368,Agent_Auto_Prompt_95c55368
Wed Aug 19 14:21:01 IST 2026,Auto_Prompt_0b20ef0d,Agent_Auto_Prompt_0b20ef0d
Wed Aug 19 14:21:01 IST 2026,Auto_Prompt_2ce5ee81,Agent_Auto_Prompt_2ce5ee81
Wed Aug 19 14:21:01 IST 2026,Auto_Prompt_421faaac,Agent_Auto_Prompt_421faaac
Wed Aug 19 14:21:01 IST 2026,Auto_Prompt_3a17a124,Agent_Auto_Prompt_3a17a124
Wed Aug 19 14:21:01 IST 2026,Auto_Prompt_17bd493c,Agent_Auto_Prompt_17bd493c
Wed Aug 19 14:21:01 IST 2026,Auto_Prompt_ccdbc782,Agent_Auto_Prompt_ccdbc782
Wed Aug 19 14:21:01 IST 2026,Auto_Prompt_f9aa82c7,Agent_Auto_Prompt_f9aa82c7
Wed Aug 19 14:21:02 IST 2026,Auto_Prompt_7eb15d17,Agent_Auto_Prompt_7eb15d17
Wed Aug 19 14:21:02 IST 2026,Auto_Prompt_85b8cc18,Agent_Auto_Prompt_85b8cc18
Wed Aug 19 14:21:02 IST 2026,Auto_Prompt_23f1af9c,Agent_Auto_Prompt_23f1af9c
Wed Aug 19 14:21:02 IST 2026,Auto_Prompt_7fd0a4b6,Agent_Auto_Prompt_7fd0a4b6
Wed Aug 19 14:21:02 IST 2026,Auto_Prompt_67fb5bc8,Agent_Auto_Prompt_67fb5bc8
Wed Aug 19 14:21:02 IST 2026,Auto_Prompt_8788d0f7,Agent_Auto_Prompt_8788d0f7
Wed Aug 19 14:21:02 IST 2026,Auto_Prompt_6d68bffa,Agent_Auto_Prompt_6d68bffa
Wed Aug 19 14:21:02 IST 2026,Auto_Prompt_2897a51b,Agent_Auto_Prompt_2897a51b
Wed Aug 19 14:21:03 IST 2026,Auto_Prompt_3ccf98bb,Agent_Auto_Prompt_3ccf98bb
Wed Aug 19 14:21:03 IST 2026,Auto_Prompt_0cedbbbd,Agent_Auto_Prompt_0cedbbbd
Wed Aug 19 14:21:03 IST 2026,Auto_Prompt_b25ce1c5,Agent_Auto_Prompt_b25ce1c5
Wed Aug 19 14:21:03 IST 2026,Auto_Prompt_0e71d72e,Agent_Auto_Prompt_0e71d72e
Wed Aug 19 14:21:03 IST 2026,Auto_Prompt_542403b6,Agent_Auto_Prompt_542403b6
Wed Aug 19 14:21:03 IST 2026,Auto_Prompt_5e2f8aa7,Agent_Auto_Prompt_5e2f8aa7
Wed Aug 19 14:21:03 IST 2026,Auto_Prompt_ea6052dd,Agent_Auto_Prompt_ea6052dd
Wed Aug 19 14:21:03 IST 2026,Auto_Prompt_b65cdef7,Agent_Auto_Prompt_b65cdef7
Wed Aug 19 14:21:03 IST 2026,Auto_Prompt_845849d7,Agent_Auto_Prompt_845849d7
Wed Aug 19 14:21:04 IST 2026,Auto_Prompt_90ad4af5,Agent_Auto_Prompt_90ad4af5
Wed Aug 19 14:21:04 IST 2026,Auto_Prompt_93d87632,Agent_Auto_Prompt_93d87632
Wed Aug 19 14:21:04 IST 2026,Auto_Prompt_4bbd194a,Agent_Auto_Prompt_4bbd194a
Wed Aug 19 14:21:04 IST 2026,Auto_Prompt_e7bfd4db,Agent_Auto_Prompt_e7bfd4db
Wed Aug 19 14:21:04 IST 2026,Auto_Prompt_7a29ec84,Agent_Auto_Prompt_7a29ec84
Wed Aug 19 14:21:04 IST 2026,Auto_Prompt_0d802990,Agent_Auto_Prompt_0d802990
Wed Aug 19 14:21:04 IST 2026,Auto_Prompt_3568465a,Agent_Auto_Prompt_3568465a
Wed Aug 19 14:21:05 IST 2026,Auto_Prompt_8ee94462,Agent_Auto_Prompt_8ee94462
Wed Aug 19 14:21:05 IST 2026,Auto_Prompt_1b86006e,Agent_Auto_Prompt_1b86006e
Wed Aug 19 14:21:05 IST 2026,Auto_Prompt_dbd2b8cd,Agent_Auto_Prompt_dbd2b8cd
Wed Aug 19 14:21:05 IST 2026,Auto_Prompt_4e5787c2,Agent_Auto_Prompt_4e5787c2
Wed Aug 19 14:21:05 IST 2026,Auto_Prompt_69f6a42b,Agent_Auto_Prompt_69f6a42b
Wed Aug 19 14:21:05 IST 2026,Auto_Prompt_63fc64fc,Agent_Auto_Prompt_63fc64fc
Wed Aug 19 14:21:05 IST 2026,Auto_Prompt_d424506e,Agent_Auto_Prompt_d424506e
Wed Aug 19 14:21:06 IST 2026,Auto_Prompt_dacfb03e,Agent_Auto_Prompt_dacfb03e
Wed Aug 19 14:21:06 IST 2026,Auto_Prompt_e5a33228,Agent_Auto_Prompt_e5a33228
Wed Aug 19 14:21:06 IST 2026,Auto_Prompt_77dc9020,Agent_Auto_Prompt_77dc9020
Wed Aug 19 14:21:06 IST 2026,Auto_Prompt_40a19576,Agent_Auto_Prompt_40a19576
Wed Aug 19 14:21:06 IST 2026,Auto_Prompt_6ad224d5,Agent_Auto_Prompt_6ad224d5
Wed Aug 19 14:21:06 IST 2026,Auto_Prompt_b400e98a,Agent_Auto_Prompt_b400e98a
Wed Aug 19 14:21:06 IST 2026,Auto_Prompt_717279f4,Agent_Auto_Prompt_717279f4
Wed Aug 19 14:21:06 IST 2026,Auto_Prompt_c992150f,Agent_Auto_Prompt_c992150f
Wed Aug 19 14:21:06 IST 2026,Auto_Prompt_91ecb5f8,Agent_Auto_Prompt_91ecb5f8
Wed Aug 19 14:21:07 IST 2026,Auto_Prompt_b483ef6d,Agent_Auto_Prompt_b483ef6d
Wed Aug 19 14:21:07 IST 2026,Auto_Prompt_c205d046,Agent_Auto_Prompt_c205d046
Wed Aug 19 14:21:07 IST 2026,Auto_Prompt_a40f1fb3,Agent_Auto_Prompt_a40f1fb3
Wed Aug 19 14:21:07 IST 2026,Auto_Prompt_a0bb3184,Agent_Auto_Prompt_a0bb3184
Wed Aug 19 14:21:07 IST 2026,Auto_Prompt_98169045,Agent_Auto_Prompt_98169045
Wed Aug 19 14:21:07 IST 2026,Auto_Prompt_58d6f011,Agent_Auto_Prompt_58d6f011
Wed Aug 19 14:21:07 IST 2026,Auto_Prompt_cb144802,Agent_Auto_Prompt_cb144802
Wed Aug 19 14:21:07 IST 2026,Auto_Prompt_eaada2b8,Agent_Auto_Prompt_eaada2b8
Wed Aug 19 14:21:07 IST 2026,Auto_Prompt_b1530dd4,Agent_Auto_Prompt_b1530dd4
Wed Aug 19 14:21:08 IST 2026,Auto_Prompt_ae035a54,Agent_Auto_Prompt_ae035a54
Wed Aug 19 14:21:08 IST 2026,Auto_Prompt_0f5c9c99,Agent_Auto_Prompt_0f5c9c99
Wed Aug 19 14:21:08 IST 2026,Auto_Prompt_0c6a8929,Agent_Auto_Prompt_0c6a8929
Wed Aug 19 14:21:08 IST 2026,Auto_Prompt_623b5a16,Agent_Auto_Prompt_623b5a16
Wed Aug 19 14:21:08 IST 2026,Auto_Prompt_333bae74,Agent_Auto_Prompt_333bae74
Wed Aug 19 14:21:08 IST 2026,Auto_Prompt_607bc3b8,Agent_Auto_Prompt_607bc3b8
Wed Aug 19 14:21:08 IST 2026,Auto_Prompt_2a211230,Agent_Auto_Prompt_2a211230
Wed Aug 19 14:21:08 IST 2026,Auto_Prompt_2b512c21,Agent_Auto_Prompt_2b512c21
Wed Aug 19 14:21:09 IST 2026,Auto_Prompt_38cccfad,Agent_Auto_Prompt_38cccfad
Wed Aug 19 14:21:09 IST 2026,Auto_Prompt_e305d34e,Agent_Auto_Prompt_e305d34e
Wed Aug 19 14:21:09 IST 2026,Auto_Prompt_d6fc767e,Agent_Auto_Prompt_d6fc767e
Wed Aug 19 14:21:09 IST 2026,Auto_Prompt_38b0f7b6,Agent_Auto_Prompt_38b0f7b6
Wed Aug 19 14:21:09 IST 2026,Auto_Prompt_e39a2431,Agent_Auto_Prompt_e39a2431
Wed Aug 19 14:21:09 IST 2026,Auto_Prompt_1efbd89c,Agent_Auto_Prompt_1efbd89c
Wed Aug 19 14:21:09 IST 2026,Auto_Prompt_952f68d6,Agent_Auto_Prompt_952f68d6
Wed Aug 19 14:21:09 IST 2026,Auto_Prompt_7f3eb110,Agent_Auto_Prompt_7f3eb110
Wed Aug 19 14:21:09 IST 2026,Auto_Prompt_ead6a3f6,Agent_Auto_Prompt_ead6a3f6
Wed Aug 19 14:21:10 IST 2026,Auto_Prompt_919c24bc,Agent_Auto_Prompt_919c24bc
Wed Aug 19 14:21:10 IST 2026,Auto_Prompt_a1285144,Agent_Auto_Prompt_a1285144
Wed Aug 19 14:21:10 IST 2026,Auto_Prompt_ccf4796e,Agent_Auto_Prompt_ccf4796e
Wed Aug 19 14:21:10 IST 2026,Auto_Prompt_dc95909f,Agent_Auto_Prompt_dc95909f
Wed Aug 19 14:21:10 IST 2026,Auto_Prompt_4811a6a6,Agent_Auto_Prompt_4811a6a6
Wed Aug 19 14:21:10 IST 2026,Auto_Prompt_d338fc09,Agent_Auto_Prompt_d338fc09
Wed Aug 19 14:21:10 IST 2026,Auto_Prompt_172ea1ad,Agent_Auto_Prompt_172ea1ad
Wed Aug 19 14:21:11 IST 2026,Auto_Prompt_a30faec9,Agent_Auto_Prompt_a30faec9
Wed Aug 19 14:21:11 IST 2026,Auto_Prompt_5bff1823,Agent_Auto_Prompt_5bff1823
Wed Aug 19 14:21:11 IST 2026,Auto_Prompt_acbe6f90,Agent_Auto_Prompt_acbe6f90
Wed Aug 19 14:21:11 IST 2026,Auto_Prompt_920953eb,Agent_Auto_Prompt_920953eb
Wed Aug 19 14:21:11 IST 2026,Auto_Prompt_056cbfcd,Agent_Auto_Prompt_056cbfcd
Wed Aug 19 14:21:11 IST 2026,Auto_Prompt_0d41806f,Agent_Auto_Prompt_0d41806f
Wed Aug 19 14:21:11 IST 2026,Auto_Prompt_d2b4f11b,Agent_Auto_Prompt_d2b4f11b
Wed Aug 19 14:21:12 IST 2026,Auto_Prompt_d275563f,Agent_Auto_Prompt_d275563f
Wed Aug 19 14:21:12 IST 2026,Auto_Prompt_dc015ed4,Agent_Auto_Prompt_dc015ed4
Wed Aug 19 14:21:12 IST 2026,Auto_Prompt_d81d7a6e,Agent_Auto_Prompt_d81d7a6e
Wed Aug 19 14:21:12 IST 2026,Auto_Prompt_71e1a92a,Agent_Auto_Prompt_71e1a92a
Wed Aug 19 14:21:12 IST 2026,Auto_Prompt_6a3e41dc,Agent_Auto_Prompt_6a3e41dc
Wed Aug 19 14:21:12 IST 2026,Auto_Prompt_e6b29e16,Agent_Auto_Prompt_e6b29e16
Wed Aug 19 14:21:12 IST 2026,Auto_Prompt_c871c0b6,Agent_Auto_Prompt_c871c0b6
Wed Aug 19 14:21:12 IST 2026,Auto_Prompt_ed3cdd52,Agent_Auto_Prompt_ed3cdd52
Wed Aug 19 14:21:12 IST 2026,Auto_Prompt_41bdbd7a,Agent_Auto_Prompt_41bdbd7a
Wed Aug 19 14:21:12 IST 2026,Auto_Prompt_24e9ee65,Agent_Auto_Prompt_24e9ee65
Wed Aug 19 14:21:13 IST 2026,Auto_Prompt_b237b9c8,Agent_Auto_Prompt_b237b9c8
Wed Aug 19 14:21:13 IST 2026,Auto_Prompt_1ad5d14b,Agent_Auto_Prompt_1ad5d14b
Wed Aug 19 14:21:13 IST 2026,Auto_Prompt_14cea68d,Agent_Auto_Prompt_14cea68d
Wed Aug 19 14:21:13 IST 2026,Auto_Prompt_0929363f,Agent_Auto_Prompt_0929363f
Wed Aug 19 14:21:13 IST 2026,Auto_Prompt_337f7cc8,Agent_Auto_Prompt_337f7cc8
Wed Aug 19 14:21:13 IST 2026,Auto_Prompt_2c8cdd80,Agent_Auto_Prompt_2c8cdd80
Wed Aug 19 14:21:13 IST 2026,Auto_Prompt_c817a98c,Agent_Auto_Prompt_c817a98c
Wed Aug 19 14:21:13 IST 2026,Auto_Prompt_4e68aebd,Agent_Auto_Prompt_4e68aebd
Wed Aug 19 14:21:14 IST 2026,Auto_Prompt_bf215247,Agent_Auto_Prompt_bf215247
Wed Aug 19 14:21:14 IST 2026,Auto_Prompt_8a25b971,Agent_Auto_Prompt_8a25b971
Wed Aug 19 14:21:14 IST 2026,Auto_Prompt_39d8689c,Agent_Auto_Prompt_39d8689c
Wed Aug 19 14:21:14 IST 2026,Auto_Prompt_22e3f7dd,Agent_Auto_Prompt_22e3f7dd
Wed Aug 19 14:21:14 IST 2026,Auto_Prompt_7fed8c76,Agent_Auto_Prompt_7fed8c76
Wed Aug 19 14:21:14 IST 2026,Auto_Prompt_654aa787,Agent_Auto_Prompt_654aa787
Wed Aug 19 14:21:15 IST 2026,Auto_Prompt_1d101602,Agent_Auto_Prompt_1d101602
Wed Aug 19 14:21:15 IST 2026,Auto_Prompt_a461ee91,Agent_Auto_Prompt_a461ee91
Wed Aug 19 14:21:15 IST 2026,Auto_Prompt_4ae41fac,Agent_Auto_Prompt_4ae41fac
Wed Aug 19 14:21:15 IST 2026,Auto_Prompt_a24403df,Agent_Auto_Prompt_a24403df
Wed Aug 19 14:21:15 IST 2026,Auto_Prompt_0afc595b,Agent_Auto_Prompt_0afc595b
Wed Aug 19 14:21:15 IST 2026,Auto_Prompt_644ab481,Agent_Auto_Prompt_644ab481
Wed Aug 19 14:21:15 IST 2026,Auto_Prompt_db99ce00,Agent_Auto_Prompt_db99ce00
Wed Aug 19 14:21:15 IST 2026,Auto_Prompt_5f9dd09a,Agent_Auto_Prompt_5f9dd09a
Wed Aug 19 14:21:15 IST 2026,Auto_Prompt_fe26c394,Agent_Auto_Prompt_fe26c394
Wed Aug 19 14:21:16 IST 2026,Auto_Prompt_f0400931,Agent_Auto_Prompt_f0400931
Wed Aug 19 14:21:16 IST 2026,Auto_Prompt_65f1e2da,Agent_Auto_Prompt_65f1e2da
Wed Aug 19 14:21:16 IST 2026,Auto_Prompt_36542a25,Agent_Auto_Prompt_36542a25
Wed Aug 19 14:21:16 IST 2026,Auto_Prompt_5bb36b37,Agent_Auto_Prompt_5bb36b37
Wed Aug 19 14:21:16 IST 2026,Auto_Prompt_6a824c95,Agent_Auto_Prompt_6a824c95
Wed Aug 19 14:21:16 IST 2026,Auto_Prompt_8a894ea2,Agent_Auto_Prompt_8a894ea2
Wed Aug 19 14:21:16 IST 2026,Auto_Prompt_c662c2b4,Agent_Auto_Prompt_c662c2b4
Wed Aug 19 14:21:16 IST 2026,Auto_Prompt_c27bee3d,Agent_Auto_Prompt_c27bee3d
Wed Aug 19 14:21:17 IST 2026,Auto_Prompt_cdc111f0,Agent_Auto_Prompt_cdc111f0
Wed Aug 19 14:21:17 IST 2026,Auto_Prompt_5039c780,Agent_Auto_Prompt_5039c780
Wed Aug 19 14:21:17 IST 2026,Auto_Prompt_af81d1ac,Agent_Auto_Prompt_af81d1ac
Wed Aug 19 14:21:17 IST 2026,Auto_Prompt_79f8c119,Agent_Auto_Prompt_79f8c119
Wed Aug 19 14:21:17 IST 2026,Auto_Prompt_5bf4185a,Agent_Auto_Prompt_5bf4185a
Wed Aug 19 14:21:17 IST 2026,Auto_Prompt_74df06a9,Agent_Auto_Prompt_74df06a9
Wed Aug 19 14:21:17 IST 2026,Auto_Prompt_646bf051,Agent_Auto_Prompt_646bf051
Wed Aug 19 14:21:17 IST 2026,Auto_Prompt_38f666f3,Agent_Auto_Prompt_38f666f3
Wed Aug 19 14:21:18 IST 2026,Auto_Prompt_b8d1593d,Agent_Auto_Prompt_b8d1593d
Wed Aug 19 14:21:18 IST 2026,Auto_Prompt_b947b7b3,Agent_Auto_Prompt_b947b7b3
Wed Aug 19 14:21:18 IST 2026,Auto_Prompt_ed7bf126,Agent_Auto_Prompt_ed7bf126
Wed Aug 19 14:21:18 IST 2026,Auto_Prompt_d7f5d2bd,Agent_Auto_Prompt_d7f5d2bd
Wed Aug 19 14:21:18 IST 2026,Auto_Prompt_6452e404,Agent_Auto_Prompt_6452e404
Wed Aug 19 14:21:18 IST 2026,Auto_Prompt_0b802b54,Agent_Auto_Prompt_0b802b54
Wed Aug 19 14:21:18 IST 2026,Auto_Prompt_8fe68a7d,Agent_Auto_Prompt_8fe68a7d
Wed Aug 19 14:21:18 IST 2026,Auto_Prompt_5776c494,Agent_Auto_Prompt_5776c494
Wed Aug 19 14:21:18 IST 2026,Auto_Prompt_4cb864d7,Agent_Auto_Prompt_4cb864d7
Wed Aug 19 14:21:19 IST 2026,Auto_Prompt_b424ca19,Agent_Auto_Prompt_b424ca19
Wed Aug 19 14:21:19 IST 2026,Auto_Prompt_54229703,Agent_Auto_Prompt_54229703
Wed Aug 19 14:21:19 IST 2026,Auto_Prompt_15ce8049,Agent_Auto_Prompt_15ce8049
Wed Aug 19 14:21:19 IST 2026,Auto_Prompt_a3b823d2,Agent_Auto_Prompt_a3b823d2
Wed Aug 19 14:21:19 IST 2026,Auto_Prompt_1a0732ff,Agent_Auto_Prompt_1a0732ff
Wed Aug 19 14:21:19 IST 2026,Auto_Prompt_5775ef8e,Agent_Auto_Prompt_5775ef8e
Wed Aug 19 14:21:19 IST 2026,Auto_Prompt_eb0ec576,Agent_Auto_Prompt_eb0ec576
Wed Aug 19 14:21:20 IST 2026,Auto_Prompt_eefa4daf,Agent_Auto_Prompt_eefa4daf
Wed Aug 19 14:21:20 IST 2026,Auto_Prompt_4f1c09bb,Agent_Auto_Prompt_4f1c09bb
Wed Aug 19 14:21:20 IST 2026,Auto_Prompt_a612f1f0,Agent_Auto_Prompt_a612f1f0
Wed Aug 19 14:21:20 IST 2026,Auto_Prompt_b09977a2,Agent_Auto_Prompt_b09977a2
Wed Aug 19 14:21:20 IST 2026,Auto_Prompt_cddd0608,Agent_Auto_Prompt_cddd0608
Wed Aug 19 14:21:20 IST 2026,Auto_Prompt_1fd4364b,Agent_Auto_Prompt_1fd4364b
Wed Aug 19 14:21:20 IST 2026,Auto_Prompt_518c539d,Agent_Auto_Prompt_518c539d
Wed Aug 19 14:21:20 IST 2026,Auto_Prompt_748ad11f,Agent_Auto_Prompt_748ad11f
Wed Aug 19 14:21:21 IST 2026,Auto_Prompt_7d299302,Agent_Auto_Prompt_7d299302
Wed Aug 19 14:21:21 IST 2026,Auto_Prompt_81b263cf,Agent_Auto_Prompt_81b263cf
Wed Aug 19 14:21:21 IST 2026,Auto_Prompt_2bdd6b1c,Agent_Auto_Prompt_2bdd6b1c
Wed Aug 19 14:21:21 IST 2026,Auto_Prompt_cde72202,Agent_Auto_Prompt_cde72202
Wed Aug 19 14:21:21 IST 2026,Auto_Prompt_4dacec9e,Agent_Auto_Prompt_4dacec9e
Wed Aug 19 14:21:21 IST 2026,Auto_Prompt_bc99007a,Agent_Auto_Prompt_bc99007a
Wed Aug 19 14:21:21 IST 2026,Auto_Prompt_f1c07ef1,Agent_Auto_Prompt_f1c07ef1
Wed Aug 19 14:21:21 IST 2026,Auto_Prompt_bbbcec13,Agent_Auto_Prompt_bbbcec13
Wed Aug 19 14:21:22 IST 2026,Auto_Prompt_7fdcaabd,Agent_Auto_Prompt_7fdcaabd
Wed Aug 19 14:21:22 IST 2026,Auto_Prompt_e1f8eafc,Agent_Auto_Prompt_e1f8eafc
Wed Aug 19 14:21:22 IST 2026,Auto_Prompt_f173a3f0,Agent_Auto_Prompt_f173a3f0
Wed Aug 19 14:21:22 IST 2026,Auto_Prompt_25c1c573,Agent_Auto_Prompt_25c1c573
Wed Aug 19 14:21:22 IST 2026,Auto_Prompt_2fa10612,Agent_Auto_Prompt_2fa10612
Wed Aug 19 14:21:22 IST 2026,Auto_Prompt_33ae115f,Agent_Auto_Prompt_33ae115f
Wed Aug 19 14:21:22 IST 2026,Auto_Prompt_dc17957a,Agent_Auto_Prompt_dc17957a
Wed Aug 19 14:21:22 IST 2026,Auto_Prompt_96039c68,Agent_Auto_Prompt_96039c68
Wed Aug 19 14:21:22 IST 2026,Auto_Prompt_6f0912a7,Agent_Auto_Prompt_6f0912a7
Wed Aug 19 14:21:22 IST 2026,Auto_Prompt_b991b3a5,Agent_Auto_Prompt_b991b3a5
Wed Aug 19 14:21:23 IST 2026,Auto_Prompt_ffda33d6,Agent_Auto_Prompt_ffda33d6
Wed Aug 19 14:21:23 IST 2026,Auto_Prompt_df2eafcc,Agent_Auto_Prompt_df2eafcc
Wed Aug 19 14:21:23 IST 2026,Auto_Prompt_eb906fd0,Agent_Auto_Prompt_eb906fd0
Wed Aug 19 14:21:23 IST 2026,Auto_Prompt_099d7b4a,Agent_Auto_Prompt_099d7b4a
Wed Aug 19 14:21:23 IST 2026,Auto_Prompt_a481c969,Agent_Auto_Prompt_a481c969
Wed Aug 19 14:21:23 IST 2026,Auto_Prompt_df16de41,Agent_Auto_Prompt_df16de41
Wed Aug 19 14:21:23 IST 2026,Auto_Prompt_ede80005,Agent_Auto_Prompt_ede80005
Wed Aug 19 14:21:24 IST 2026,Auto_Prompt_f76f5819,Agent_Auto_Prompt_f76f5819
Wed Aug 19 14:21:24 IST 2026,Auto_Prompt_8a9ef1a2,Agent_Auto_Prompt_8a9ef1a2
Wed Aug 19 14:21:24 IST 2026,Auto_Prompt_4bd86e31,Agent_Auto_Prompt_4bd86e31
Wed Aug 19 14:21:24 IST 2026,Auto_Prompt_c208a9f8,Agent_Auto_Prompt_c208a9f8
Wed Aug 19 14:21:24 IST 2026,Auto_Prompt_d84b4bcc,Agent_Auto_Prompt_d84b4bcc
Wed Aug 19 14:21:24 IST 2026,Auto_Prompt_e0ff9980,Agent_Auto_Prompt_e0ff9980
Wed Aug 19 14:21:24 IST 2026,Auto_Prompt_37c9fd70,Agent_Auto_Prompt_37c9fd70
Wed Aug 19 14:21:25 IST 2026,Auto_Prompt_9f902fe0,Agent_Auto_Prompt_9f902fe0
Wed Aug 19 14:21:25 IST 2026,Auto_Prompt_0f34e864,Agent_Auto_Prompt_0f34e864
Wed Aug 19 14:21:25 IST 2026,Auto_Prompt_254f9b8b,Agent_Auto_Prompt_254f9b8b
Wed Aug 19 14:21:25 IST 2026,Auto_Prompt_ae16a7a7,Agent_Auto_Prompt_ae16a7a7
Wed Aug 19 14:21:25 IST 2026,Auto_Prompt_6d8f55cf,Agent_Auto_Prompt_6d8f55cf
Wed Aug 19 14:21:26 IST 2026,Auto_Prompt_d8a0bbcf,Agent_Auto_Prompt_d8a0bbcf
Wed Aug 19 14:21:26 IST 2026,Auto_Prompt_15ef89b2,Agent_Auto_Prompt_15ef89b2
Wed Aug 19 14:21:26 IST 2026,Auto_Prompt_ad072aec,Agent_Auto_Prompt_ad072aec
Wed Aug 19 14:21:26 IST 2026,Auto_Prompt_f3807c2f,Agent_Auto_Prompt_f3807c2f
Wed Aug 19 14:21:26 IST 2026,Auto_Prompt_567a0ff6,Agent_Auto_Prompt_567a0ff6
Wed Aug 19 14:21:26 IST 2026,Auto_Prompt_6d76c1ea,Agent_Auto_Prompt_6d76c1ea
Wed Aug 19 14:21:26 IST 2026,Auto_Prompt_8d24dc82,Agent_Auto_Prompt_8d24dc82
Wed Aug 19 14:21:26 IST 2026,Auto_Prompt_f35ba15a,Agent_Auto_Prompt_f35ba15a
Wed Aug 19 14:21:26 IST 2026,Auto_Prompt_9386b3e0,Agent_Auto_Prompt_9386b3e0
Wed Aug 19 14:21:27 IST 2026,Auto_Prompt_505a4a34,Agent_Auto_Prompt_505a4a34
Wed Aug 19 14:21:27 IST 2026,Auto_Prompt_31b17be3,Agent_Auto_Prompt_31b17be3
Wed Aug 19 14:21:27 IST 2026,Auto_Prompt_9df8b8be,Agent_Auto_Prompt_9df8b8be
Wed Aug 19 14:21:27 IST 2026,Auto_Prompt_0e51c22d,Agent_Auto_Prompt_0e51c22d
Wed Aug 19 14:21:27 IST 2026,Auto_Prompt_e9684f87,Agent_Auto_Prompt_e9684f87
Wed Aug 19 14:21:27 IST 2026,Auto_Prompt_13a005a9,Agent_Auto_Prompt_13a005a9
Wed Aug 19 14:21:27 IST 2026,Auto_Prompt_7a84ed0d,Agent_Auto_Prompt_7a84ed0d
Wed Aug 19 14:21:27 IST 2026,Auto_Prompt_26274d6e,Agent_Auto_Prompt_26274d6e
Wed Aug 19 14:21:27 IST 2026,Auto_Prompt_2fa7193b,Agent_Auto_Prompt_2fa7193b
Wed Aug 19 14:21:28 IST 2026,Auto_Prompt_a76ee904,Agent_Auto_Prompt_a76ee904
Wed Aug 19 14:21:28 IST 2026,Auto_Prompt_e6079484,Agent_Auto_Prompt_e6079484
Wed Aug 19 14:21:28 IST 2026,Auto_Prompt_50f29e94,Agent_Auto_Prompt_50f29e94
Wed Aug 19 14:21:28 IST 2026,Auto_Prompt_4acfc908,Agent_Auto_Prompt_4acfc908
Wed Aug 19 14:21:28 IST 2026,Auto_Prompt_801ba1ce,Agent_Auto_Prompt_801ba1ce
Wed Aug 19 14:21:28 IST 2026,Auto_Prompt_b9edd77a,Agent_Auto_Prompt_b9edd77a
Wed Aug 19 14:21:28 IST 2026,Auto_Prompt_5dd673c6,Agent_Auto_Prompt_5dd673c6
Wed Aug 19 14:21:28 IST 2026,Auto_Prompt_4295a228,Agent_Auto_Prompt_4295a228
Wed Aug 19 14:21:29 IST 2026,Auto_Prompt_3412daf2,Agent_Auto_Prompt_3412daf2
Wed Aug 19 14:21:29 IST 2026,Auto_Prompt_dba50a4e,Agent_Auto_Prompt_dba50a4e
Wed Aug 19 14:21:29 IST 2026,Auto_Prompt_c22eceac,Agent_Auto_Prompt_c22eceac
Wed Aug 19 14:21:29 IST 2026,Auto_Prompt_628053ba,Agent_Auto_Prompt_628053ba
Wed Aug 19 14:21:29 IST 2026,Auto_Prompt_454ca8c5,Agent_Auto_Prompt_454ca8c5
Wed Aug 19 14:21:29 IST 2026,Auto_Prompt_0cdac458,Agent_Auto_Prompt_0cdac458
Wed Aug 19 14:21:29 IST 2026,Auto_Prompt_f4aa3744,Agent_Auto_Prompt_f4aa3744
Wed Aug 19 14:21:29 IST 2026,Auto_Prompt_5fcce931,Agent_Auto_Prompt_5fcce931
Wed Aug 19 14:21:30 IST 2026,Auto_Prompt_f62055f5,Agent_Auto_Prompt_f62055f5
Wed Aug 19 14:21:30 IST 2026,Auto_Prompt_9ad0f148,Agent_Auto_Prompt_9ad0f148
Wed Aug 19 14:21:30 IST 2026,Auto_Prompt_125fbc87,Agent_Auto_Prompt_125fbc87
Wed Aug 19 14:21:30 IST 2026,Auto_Prompt_68611cca,Agent_Auto_Prompt_68611cca
Wed Aug 19 14:21:30 IST 2026,Auto_Prompt_3acea097,Agent_Auto_Prompt_3acea097
Wed Aug 19 14:21:30 IST 2026,Auto_Prompt_ac4a601c,Agent_Auto_Prompt_ac4a601c
Wed Aug 19 14:21:30 IST 2026,Auto_Prompt_eead3c2e,Agent_Auto_Prompt_eead3c2e
Wed Aug 19 14:21:31 IST 2026,Auto_Prompt_8e865064,Agent_Auto_Prompt_8e865064
Wed Aug 19 14:21:31 IST 2026,Auto_Prompt_47a44afe,Agent_Auto_Prompt_47a44afe
Wed Aug 19 14:21:31 IST 2026,Auto_Prompt_d849a43c,Agent_Auto_Prompt_d849a43c
Wed Aug 19 14:21:31 IST 2026,Auto_Prompt_812bbe6d,Agent_Auto_Prompt_812bbe6d
Wed Aug 19 14:21:31 IST 2026,Auto_Prompt_ce152748,Agent_Auto_Prompt_ce152748
Wed Aug 19 14:21:31 IST 2026,Auto_Prompt_e3c54ba5,Agent_Auto_Prompt_e3c54ba5
Wed Aug 19 14:21:31 IST 2026,Auto_Prompt_e5971cf5,Agent_Auto_Prompt_e5971cf5
Wed Aug 19 14:21:31 IST 2026,Auto_Prompt_a6c209ed,Agent_Auto_Prompt_a6c209ed
Wed Aug 19 14:21:32 IST 2026,Auto_Prompt_ad17c869,Agent_Auto_Prompt_ad17c869
Wed Aug 19 14:21:32 IST 2026,Auto_Prompt_2765b844,Agent_Auto_Prompt_2765b844
Wed Aug 19 14:21:32 IST 2026,Auto_Prompt_270bc17f,Agent_Auto_Prompt_270bc17f
Wed Aug 19 14:21:32 IST 2026,Auto_Prompt_06c59807,Agent_Auto_Prompt_06c59807
Wed Aug 19 14:21:32 IST 2026,Auto_Prompt_57af0cbd,Agent_Auto_Prompt_57af0cbd
Wed Aug 19 14:21:32 IST 2026,Auto_Prompt_9bb3bb70,Agent_Auto_Prompt_9bb3bb70
Wed Aug 19 14:21:32 IST 2026,Auto_Prompt_58f4eddc,Agent_Auto_Prompt_58f4eddc
Wed Aug 19 14:21:32 IST 2026,Auto_Prompt_fcc3bd1d,Agent_Auto_Prompt_fcc3bd1d
Wed Aug 19 14:21:32 IST 2026,Auto_Prompt_b5b56b4b,Agent_Auto_Prompt_b5b56b4b
Wed Aug 19 14:21:32 IST 2026,Auto_Prompt_b4bd31ae,Agent_Auto_Prompt_b4bd31ae
Wed Aug 19 14:21:33 IST 2026,Auto_Prompt_2d62fae5,Agent_Auto_Prompt_2d62fae5
Wed Aug 19 14:21:33 IST 2026,Auto_Prompt_f11b9c70,Agent_Auto_Prompt_f11b9c70
Wed Aug 19 14:21:33 IST 2026,Auto_Prompt_3dc654cd,Agent_Auto_Prompt_3dc654cd
Wed Aug 19 14:21:33 IST 2026,Auto_Prompt_d8c07d68,Agent_Auto_Prompt_d8c07d68
Wed Aug 19 14:21:33 IST 2026,Auto_Prompt_f8a9d826,Agent_Auto_Prompt_f8a9d826
Wed Aug 19 14:21:33 IST 2026,Auto_Prompt_a188ce09,Agent_Auto_Prompt_a188ce09
Wed Aug 19 14:21:33 IST 2026,Auto_Prompt_2b3781e2,Agent_Auto_Prompt_2b3781e2
Wed Aug 19 14:21:33 IST 2026,Auto_Prompt_68cf5de1,Agent_Auto_Prompt_68cf5de1
Wed Aug 19 14:21:33 IST 2026,Auto_Prompt_53397526,Agent_Auto_Prompt_53397526
Wed Aug 19 14:21:34 IST 2026,Auto_Prompt_dc78fa25,Agent_Auto_Prompt_dc78fa25
Wed Aug 19 14:21:34 IST 2026,Auto_Prompt_f5ae253e,Agent_Auto_Prompt_f5ae253e
Wed Aug 19 14:21:34 IST 2026,Auto_Prompt_59b5b9b3,Agent_Auto_Prompt_59b5b9b3
Wed Aug 19 14:21:34 IST 2026,Auto_Prompt_0824ee85,Agent_Auto_Prompt_0824ee85
Wed Aug 19 14:21:34 IST 2026,Auto_Prompt_fbf49435,Agent_Auto_Prompt_fbf49435
Wed Aug 19 14:21:34 IST 2026,Auto_Prompt_b5db92f4,Agent_Auto_Prompt_b5db92f4
Wed Aug 19 14:21:35 IST 2026,Auto_Prompt_2866820e,Agent_Auto_Prompt_2866820e
Wed Aug 19 14:21:35 IST 2026,Auto_Prompt_2d786411,Agent_Auto_Prompt_2d786411
Wed Aug 19 14:21:35 IST 2026,Auto_Prompt_7b39630a,Agent_Auto_Prompt_7b39630a
Wed Aug 19 14:21:35 IST 2026,Auto_Prompt_8325407d,Agent_Auto_Prompt_8325407d
Wed Aug 19 14:21:35 IST 2026,Auto_Prompt_b964e2e3,Agent_Auto_Prompt_b964e2e3
Wed Aug 19 14:21:35 IST 2026,Auto_Prompt_5a2a9543,Agent_Auto_Prompt_5a2a9543
Wed Aug 19 14:21:35 IST 2026,Auto_Prompt_1a0e125e,Agent_Auto_Prompt_1a0e125e
Wed Aug 19 14:21:35 IST 2026,Auto_Prompt_336fc085,Agent_Auto_Prompt_336fc085
Wed Aug 19 14:21:35 IST 2026,Auto_Prompt_62ccc944,Agent_Auto_Prompt_62ccc944
Wed Aug 19 14:21:36 IST 2026,Auto_Prompt_b1302cf5,Agent_Auto_Prompt_b1302cf5
Wed Aug 19 14:21:36 IST 2026,Auto_Prompt_a064d7a7,Agent_Auto_Prompt_a064d7a7
Wed Aug 19 14:21:36 IST 2026,Auto_Prompt_205f2d32,Agent_Auto_Prompt_205f2d32
Wed Aug 19 14:21:36 IST 2026,Auto_Prompt_76e89382,Agent_Auto_Prompt_76e89382
Wed Aug 19 14:21:36 IST 2026,Auto_Prompt_58b4ae36,Agent_Auto_Prompt_58b4ae36
Wed Aug 19 14:21:36 IST 2026,Auto_Prompt_60cc05ed,Agent_Auto_Prompt_60cc05ed
Wed Aug 19 14:21:36 IST 2026,Auto_Prompt_58b7a1cc,Agent_Auto_Prompt_58b7a1cc
Wed Aug 19 14:21:37 IST 2026,Auto_Prompt_03ae4919,Agent_Auto_Prompt_03ae4919
Wed Aug 19 14:21:37 IST 2026,Auto_Prompt_81384294,Agent_Auto_Prompt_81384294
Wed Aug 19 14:21:37 IST 2026,Auto_Prompt_76fc204c,Agent_Auto_Prompt_76fc204c
Wed Aug 19 14:21:37 IST 2026,Auto_Prompt_30b04c15,Agent_Auto_Prompt_30b04c15
Wed Aug 19 14:21:37 IST 2026,Auto_Prompt_43facb7b,Agent_Auto_Prompt_43facb7b
Wed Aug 19 14:21:37 IST 2026,Auto_Prompt_3378d4ad,Agent_Auto_Prompt_3378d4ad
Wed Aug 19 14:21:37 IST 2026,Auto_Prompt_87b77be1,Agent_Auto_Prompt_87b77be1
Wed Aug 19 14:21:37 IST 2026,Auto_Prompt_d03e1e68,Agent_Auto_Prompt_d03e1e68
Wed Aug 19 14:21:37 IST 2026,Auto_Prompt_40188adb,Agent_Auto_Prompt_40188adb
Wed Aug 19 14:21:38 IST 2026,Auto_Prompt_94392098,Agent_Auto_Prompt_94392098
Wed Aug 19 14:21:38 IST 2026,Auto_Prompt_0c3aebb1,Agent_Auto_Prompt_0c3aebb1
Wed Aug 19 14:21:38 IST 2026,Auto_Prompt_82d2ade7,Agent_Auto_Prompt_82d2ade7
Wed Aug 19 14:21:38 IST 2026,Auto_Prompt_a855fc83,Agent_Auto_Prompt_a855fc83
Wed Aug 19 14:21:38 IST 2026,Auto_Prompt_73d9532e,Agent_Auto_Prompt_73d9532e
Wed Aug 19 14:21:38 IST 2026,Auto_Prompt_89650fb6,Agent_Auto_Prompt_89650fb6
Wed Aug 19 14:21:38 IST 2026,Auto_Prompt_93d63a05,Agent_Auto_Prompt_93d63a05
Wed Aug 19 14:21:38 IST 2026,Auto_Prompt_c056c641,Agent_Auto_Prompt_c056c641
Wed Aug 19 14:21:38 IST 2026,Auto_Prompt_2a0e570a,Agent_Auto_Prompt_2a0e570a
Wed Aug 19 14:21:39 IST 2026,Auto_Prompt_a5fef569,Agent_Auto_Prompt_a5fef569
Wed Aug 19 14:21:39 IST 2026,Auto_Prompt_a536fd42,Agent_Auto_Prompt_a536fd42
Wed Aug 19 14:21:39 IST 2026,Auto_Prompt_86f3cbb9,Agent_Auto_Prompt_86f3cbb9
Wed Aug 19 14:21:39 IST 2026,Auto_Prompt_2be3aca2,Agent_Auto_Prompt_2be3aca2
Wed Aug 19 14:21:39 IST 2026,Auto_Prompt_aa503446,Agent_Auto_Prompt_aa503446
Wed Aug 19 14:21:39 IST 2026,Auto_Prompt_d10d5104,Agent_Auto_Prompt_d10d5104
Wed Aug 19 14:21:39 IST 2026,Auto_Prompt_0b719bf2,Agent_Auto_Prompt_0b719bf2
Wed Aug 19 14:21:39 IST 2026,Auto_Prompt_e0636313,Agent_Auto_Prompt_e0636313
Wed Aug 19 14:21:40 IST 2026,Auto_Prompt_e17dcb4b,Agent_Auto_Prompt_e17dcb4b
Wed Aug 19 14:21:40 IST 2026,Auto_Prompt_687b5601,Agent_Auto_Prompt_687b5601
Wed Aug 19 14:21:40 IST 2026,Auto_Prompt_832dd5c3,Agent_Auto_Prompt_832dd5c3
Wed Aug 19 14:21:40 IST 2026,Auto_Prompt_e2b899e2,Agent_Auto_Prompt_e2b899e2
Wed Aug 19 14:21:40 IST 2026,Auto_Prompt_3b709a37,Agent_Auto_Prompt_3b709a37
Wed Aug 19 14:21:40 IST 2026,Auto_Prompt_cf429a00,Agent_Auto_Prompt_cf429a00
Wed Aug 19 14:21:41 IST 2026,Auto_Prompt_eb0e735e,Agent_Auto_Prompt_eb0e735e
Wed Aug 19 14:21:41 IST 2026,Auto_Prompt_eda87717,Agent_Auto_Prompt_eda87717
Wed Aug 19 14:21:41 IST 2026,Auto_Prompt_e605c05f,Agent_Auto_Prompt_e605c05f
Wed Aug 19 14:21:41 IST 2026,Auto_Prompt_c7af4e37,Agent_Auto_Prompt_c7af4e37
Wed Aug 19 14:21:41 IST 2026,Auto_Prompt_8cf0130c,Agent_Auto_Prompt_8cf0130c
Wed Aug 19 14:21:41 IST 2026,Auto_Prompt_2de06644,Agent_Auto_Prompt_2de06644
Wed Aug 19 14:21:41 IST 2026,Auto_Prompt_0ee17233,Agent_Auto_Prompt_0ee17233
Wed Aug 19 14:21:41 IST 2026,Auto_Prompt_cbdb7be9,Agent_Auto_Prompt_cbdb7be9
Wed Aug 19 14:21:42 IST 2026,Auto_Prompt_7f183ccd,Agent_Auto_Prompt_7f183ccd
Wed Aug 19 14:21:42 IST 2026,Auto_Prompt_4ce34da6,Agent_Auto_Prompt_4ce34da6
Wed Aug 19 14:21:42 IST 2026,Auto_Prompt_4d403b83,Agent_Auto_Prompt_4d403b83
Wed Aug 19 14:21:42 IST 2026,Auto_Prompt_bfd8f83b,Agent_Auto_Prompt_bfd8f83b
Wed Aug 19 14:21:42 IST 2026,Auto_Prompt_9b0b910e,Agent_Auto_Prompt_9b0b910e
Wed Aug 19 14:21:42 IST 2026,Auto_Prompt_038ce30e,Agent_Auto_Prompt_038ce30e
Wed Aug 19 14:21:42 IST 2026,Auto_Prompt_21e944bc,Agent_Auto_Prompt_21e944bc
Wed Aug 19 14:21:42 IST 2026,Auto_Prompt_28ba2b85,Agent_Auto_Prompt_28ba2b85
Wed Aug 19 14:21:42 IST 2026,Auto_Prompt_c392333c,Agent_Auto_Prompt_c392333c
Wed Aug 19 14:21:43 IST 2026,Auto_Prompt_11ee3979,Agent_Auto_Prompt_11ee3979
Wed Aug 19 14:21:43 IST 2026,Auto_Prompt_5f695ee1,Agent_Auto_Prompt_5f695ee1
Wed Aug 19 14:21:43 IST 2026,Auto_Prompt_522fb376,Agent_Auto_Prompt_522fb376
Wed Aug 19 14:21:43 IST 2026,Auto_Prompt_8a01a6d6,Agent_Auto_Prompt_8a01a6d6
Wed Aug 19 14:21:43 IST 2026,Auto_Prompt_057d4ee9,Agent_Auto_Prompt_057d4ee9
Wed Aug 19 14:21:43 IST 2026,Auto_Prompt_6f23f9c4,Agent_Auto_Prompt_6f23f9c4
Wed Aug 19 14:21:43 IST 2026,Auto_Prompt_4b35ebf3,Agent_Auto_Prompt_4b35ebf3
Wed Aug 19 14:21:43 IST 2026,Auto_Prompt_c1c95c84,Agent_Auto_Prompt_c1c95c84
Wed Aug 19 14:21:43 IST 2026,Auto_Prompt_bbeeb3a0,Agent_Auto_Prompt_bbeeb3a0
Wed Aug 19 14:21:43 IST 2026,Auto_Prompt_93ee1c8e,Agent_Auto_Prompt_93ee1c8e
Wed Aug 19 14:21:44 IST 2026,Auto_Prompt_59c56a94,Agent_Auto_Prompt_59c56a94
Wed Aug 19 14:21:44 IST 2026,Auto_Prompt_b23aaf5f,Agent_Auto_Prompt_b23aaf5f
Wed Aug 19 14:21:44 IST 2026,Auto_Prompt_27b83a38,Agent_Auto_Prompt_27b83a38
Wed Aug 19 14:21:44 IST 2026,Auto_Prompt_40e5c0b1,Agent_Auto_Prompt_40e5c0b1
Wed Aug 19 14:21:44 IST 2026,Auto_Prompt_80b0df97,Agent_Auto_Prompt_80b0df97
Wed Aug 19 14:21:44 IST 2026,Auto_Prompt_dbf6f0fc,Agent_Auto_Prompt_dbf6f0fc
Wed Aug 19 14:21:45 IST 2026,Auto_Prompt_04cf581b,Agent_Auto_Prompt_04cf581b
Wed Aug 19 14:21:45 IST 2026,Auto_Prompt_b4385cb4,Agent_Auto_Prompt_b4385cb4
Wed Aug 19 14:21:45 IST 2026,Auto_Prompt_af8e276d,Agent_Auto_Prompt_af8e276d
Wed Aug 19 14:21:45 IST 2026,Auto_Prompt_e6c2ea08,Agent_Auto_Prompt_e6c2ea08
Wed Aug 19 14:21:45 IST 2026,Auto_Prompt_51963608,Agent_Auto_Prompt_51963608
Wed Aug 19 14:21:46 IST 2026,Auto_Prompt_78e55a50,Agent_Auto_Prompt_78e55a50
Wed Aug 19 14:21:46 IST 2026,Auto_Prompt_9553c707,Agent_Auto_Prompt_9553c707
Wed Aug 19 14:21:46 IST 2026,Auto_Prompt_510df456,Agent_Auto_Prompt_510df456
Wed Aug 19 14:21:46 IST 2026,Auto_Prompt_892e68d1,Agent_Auto_Prompt_892e68d1
Wed Aug 19 14:21:46 IST 2026,Auto_Prompt_9137f7eb,Agent_Auto_Prompt_9137f7eb
Wed Aug 19 14:21:47 IST 2026,Auto_Prompt_3792eb8a,Agent_Auto_Prompt_3792eb8a
Wed Aug 19 14:21:47 IST 2026,Auto_Prompt_4ea51510,Agent_Auto_Prompt_4ea51510
Wed Aug 19 14:21:47 IST 2026,Auto_Prompt_71b8ca21,Agent_Auto_Prompt_71b8ca21
Wed Aug 19 14:21:47 IST 2026,Auto_Prompt_791f4e00,Agent_Auto_Prompt_791f4e00
Wed Aug 19 14:21:47 IST 2026,Auto_Prompt_4363d5e3,Agent_Auto_Prompt_4363d5e3
Wed Aug 19 14:21:48 IST 2026,Auto_Prompt_fe054765,Agent_Auto_Prompt_fe054765
Wed Aug 19 14:21:48 IST 2026,Auto_Prompt_55ccbd64,Agent_Auto_Prompt_55ccbd64
Wed Aug 19 14:21:48 IST 2026,Auto_Prompt_0f0e3a63,Agent_Auto_Prompt_0f0e3a63
Wed Aug 19 14:21:49 IST 2026,Auto_Prompt_2d7973bb,Agent_Auto_Prompt_2d7973bb
Wed Aug 19 14:21:49 IST 2026,Auto_Prompt_9e02277c,Agent_Auto_Prompt_9e02277c
Wed Aug 19 14:21:49 IST 2026,Auto_Prompt_325b0b7b,Agent_Auto_Prompt_325b0b7b
Wed Aug 19 14:21:49 IST 2026,Auto_Prompt_e516bff3,Agent_Auto_Prompt_e516bff3
Wed Aug 19 14:21:49 IST 2026,Auto_Prompt_812097b8,Agent_Auto_Prompt_812097b8
Wed Aug 19 14:21:49 IST 2026,Auto_Prompt_f0633efb,Agent_Auto_Prompt_f0633efb
Wed Aug 19 14:21:49 IST 2026,Auto_Prompt_f563b0be,Agent_Auto_Prompt_f563b0be
Wed Aug 19 14:21:49 IST 2026,Auto_Prompt_6687d003,Agent_Auto_Prompt_6687d003
Wed Aug 19 14:21:49 IST 2026,Auto_Prompt_ca705ea5,Agent_Auto_Prompt_ca705ea5
Wed Aug 19 14:21:50 IST 2026,Auto_Prompt_e0f7ac4a,Agent_Auto_Prompt_e0f7ac4a
Wed Aug 19 14:21:50 IST 2026,Auto_Prompt_82a4bda8,Agent_Auto_Prompt_82a4bda8
Wed Aug 19 14:21:50 IST 2026,Auto_Prompt_1fe1813d,Agent_Auto_Prompt_1fe1813d
Wed Aug 19 14:21:50 IST 2026,Auto_Prompt_cdfcc6a4,Agent_Auto_Prompt_cdfcc6a4
Wed Aug 19 14:21:50 IST 2026,Auto_Prompt_c476483b,Agent_Auto_Prompt_c476483b
Wed Aug 19 14:21:50 IST 2026,Auto_Prompt_80d55980,Agent_Auto_Prompt_80d55980
Wed Aug 19 14:21:50 IST 2026,Auto_Prompt_180cd75a,Agent_Auto_Prompt_180cd75a
Wed Aug 19 14:21:50 IST 2026,Auto_Prompt_e75e7d50,Agent_Auto_Prompt_e75e7d50
Wed Aug 19 14:21:51 IST 2026,Auto_Prompt_da2839fc,Agent_Auto_Prompt_da2839fc
Wed Aug 19 14:21:51 IST 2026,Auto_Prompt_4b87c17d,Agent_Auto_Prompt_4b87c17d
Wed Aug 19 14:21:51 IST 2026,Auto_Prompt_d4b0cd4d,Agent_Auto_Prompt_d4b0cd4d
Wed Aug 19 14:21:51 IST 2026,Auto_Prompt_2d506010,Agent_Auto_Prompt_2d506010
Wed Aug 19 14:21:51 IST 2026,Auto_Prompt_e4639746,Agent_Auto_Prompt_e4639746
Wed Aug 19 14:21:51 IST 2026,Auto_Prompt_e03d3507,Agent_Auto_Prompt_e03d3507
Wed Aug 19 14:21:51 IST 2026,Auto_Prompt_c984b4b6,Agent_Auto_Prompt_c984b4b6
Wed Aug 19 14:21:52 IST 2026,Auto_Prompt_97399bd5,Agent_Auto_Prompt_97399bd5
Wed Aug 19 14:21:52 IST 2026,Auto_Prompt_fd47cd26,Agent_Auto_Prompt_fd47cd26
Wed Aug 19 14:21:52 IST 2026,Auto_Prompt_baa90fea,Agent_Auto_Prompt_baa90fea
Wed Aug 19 14:21:52 IST 2026,Auto_Prompt_aeb4e3c4,Agent_Auto_Prompt_aeb4e3c4
Wed Aug 19 14:21:52 IST 2026,Auto_Prompt_4e10e685,Agent_Auto_Prompt_4e10e685
Wed Aug 19 14:21:52 IST 2026,Auto_Prompt_d5db03d9,Agent_Auto_Prompt_d5db03d9
Wed Aug 19 14:21:53 IST 2026,Auto_Prompt_4eb43c76,Agent_Auto_Prompt_4eb43c76
Wed Aug 19 14:21:53 IST 2026,Auto_Prompt_6a0beb65,Agent_Auto_Prompt_6a0beb65
Wed Aug 19 14:21:53 IST 2026,Auto_Prompt_9b43cbbe,Agent_Auto_Prompt_9b43cbbe
Wed Aug 19 14:21:53 IST 2026,Auto_Prompt_1fa3fe73,Agent_Auto_Prompt_1fa3fe73
Wed Aug 19 14:21:53 IST 2026,Auto_Prompt_c4edc791,Agent_Auto_Prompt_c4edc791
Wed Aug 19 14:21:53 IST 2026,Auto_Prompt_1e134784,Agent_Auto_Prompt_1e134784
Wed Aug 19 14:21:53 IST 2026,Auto_Prompt_e2a59f42,Agent_Auto_Prompt_e2a59f42
Wed Aug 19 14:21:53 IST 2026,Auto_Prompt_ebeec191,Agent_Auto_Prompt_ebeec191
Wed Aug 19 14:21:53 IST 2026,Auto_Prompt_2baab9b1,Agent_Auto_Prompt_2baab9b1
Wed Aug 19 14:21:54 IST 2026,Auto_Prompt_7fca90b2,Agent_Auto_Prompt_7fca90b2
Wed Aug 19 14:21:54 IST 2026,Auto_Prompt_f8d48058,Agent_Auto_Prompt_f8d48058
Wed Aug 19 14:21:54 IST 2026,Auto_Prompt_89f51472,Agent_Auto_Prompt_89f51472
Wed Aug 19 14:21:54 IST 2026,Auto_Prompt_bc0a302f,Agent_Auto_Prompt_bc0a302f
Wed Aug 19 14:21:54 IST 2026,Auto_Prompt_104ccbfd,Agent_Auto_Prompt_104ccbfd
Wed Aug 19 14:21:54 IST 2026,Auto_Prompt_128b6292,Agent_Auto_Prompt_128b6292
Wed Aug 19 14:21:54 IST 2026,Auto_Prompt_a5715c9f,Agent_Auto_Prompt_a5715c9f
Wed Aug 19 14:21:54 IST 2026,Auto_Prompt_00d66fd7,Agent_Auto_Prompt_00d66fd7
Wed Aug 19 14:21:54 IST 2026,Auto_Prompt_5f186723,Agent_Auto_Prompt_5f186723
Wed Aug 19 14:21:55 IST 2026,Auto_Prompt_d522e05f,Agent_Auto_Prompt_d522e05f
Wed Aug 19 14:21:55 IST 2026,Auto_Prompt_2a83e357,Agent_Auto_Prompt_2a83e357
Wed Aug 19 14:21:55 IST 2026,Auto_Prompt_6eb6c1a7,Agent_Auto_Prompt_6eb6c1a7
Wed Aug 19 14:21:55 IST 2026,Auto_Prompt_0ab30c63,Agent_Auto_Prompt_0ab30c63
Wed Aug 19 14:21:55 IST 2026,Auto_Prompt_38713a88,Agent_Auto_Prompt_38713a88
Wed Aug 19 14:21:55 IST 2026,Auto_Prompt_7bd1bb27,Agent_Auto_Prompt_7bd1bb27
Wed Aug 19 14:21:55 IST 2026,Auto_Prompt_a9f581c8,Agent_Auto_Prompt_a9f581c8
Wed Aug 19 14:21:55 IST 2026,Auto_Prompt_01c9bcf8,Agent_Auto_Prompt_01c9bcf8
Wed Aug 19 14:21:55 IST 2026,Auto_Prompt_d5209210,Agent_Auto_Prompt_d5209210
Wed Aug 19 14:21:55 IST 2026,Auto_Prompt_a32eaf55,Agent_Auto_Prompt_a32eaf55
Wed Aug 19 14:21:56 IST 2026,Auto_Prompt_cf9f72d7,Agent_Auto_Prompt_cf9f72d7
Wed Aug 19 14:21:56 IST 2026,Auto_Prompt_14d22046,Agent_Auto_Prompt_14d22046
Wed Aug 19 14:21:56 IST 2026,Auto_Prompt_4a23ce81,Agent_Auto_Prompt_4a23ce81
Wed Aug 19 14:21:56 IST 2026,Auto_Prompt_dbbeffed,Agent_Auto_Prompt_dbbeffed
Wed Aug 19 14:21:56 IST 2026,Auto_Prompt_1789694f,Agent_Auto_Prompt_1789694f
Wed Aug 19 14:21:56 IST 2026,Auto_Prompt_225c4904,Agent_Auto_Prompt_225c4904
Wed Aug 19 14:21:57 IST 2026,Auto_Prompt_6b21096c,Agent_Auto_Prompt_6b21096c
Wed Aug 19 14:21:57 IST 2026,Auto_Prompt_a89786de,Agent_Auto_Prompt_a89786de
Wed Aug 19 14:21:57 IST 2026,Auto_Prompt_252e7fac,Agent_Auto_Prompt_252e7fac
Wed Aug 19 14:21:57 IST 2026,Auto_Prompt_aa9704a6,Agent_Auto_Prompt_aa9704a6
Wed Aug 19 14:21:57 IST 2026,Auto_Prompt_900708f6,Agent_Auto_Prompt_900708f6
Wed Aug 19 14:21:57 IST 2026,Auto_Prompt_dfce51e3,Agent_Auto_Prompt_dfce51e3
Wed Aug 19 14:21:58 IST 2026,Auto_Prompt_476bc42a,Agent_Auto_Prompt_476bc42a
Wed Aug 19 14:21:58 IST 2026,Auto_Prompt_0b71b39c,Agent_Auto_Prompt_0b71b39c
Wed Aug 19 14:21:58 IST 2026,Auto_Prompt_2a4f0ed8,Agent_Auto_Prompt_2a4f0ed8
Wed Aug 19 14:21:58 IST 2026,Auto_Prompt_01edad15,Agent_Auto_Prompt_01edad15
Wed Aug 19 14:21:58 IST 2026,Auto_Prompt_29946fd0,Agent_Auto_Prompt_29946fd0
Wed Aug 19 14:21:58 IST 2026,Auto_Prompt_e49c0429,Agent_Auto_Prompt_e49c0429
Wed Aug 19 14:21:58 IST 2026,Auto_Prompt_b55077e4,Agent_Auto_Prompt_b55077e4
Wed Aug 19 14:21:59 IST 2026,Auto_Prompt_532b7ac5,Agent_Auto_Prompt_532b7ac5
Wed Aug 19 14:21:59 IST 2026,Auto_Prompt_6232f648,Agent_Auto_Prompt_6232f648
Wed Aug 19 14:21:59 IST 2026,Auto_Prompt_dc6721de,Agent_Auto_Prompt_dc6721de
Wed Aug 19 14:21:59 IST 2026,Auto_Prompt_e6f56338,Agent_Auto_Prompt_e6f56338
Wed Aug 19 14:21:59 IST 2026,Auto_Prompt_80515122,Agent_Auto_Prompt_80515122
Wed Aug 19 14:21:59 IST 2026,Auto_Prompt_657132cd,Agent_Auto_Prompt_657132cd
Wed Aug 19 14:21:59 IST 2026,Auto_Prompt_495079cd,Agent_Auto_Prompt_495079cd
Wed Aug 19 14:21:59 IST 2026,Auto_Prompt_9a40513f,Agent_Auto_Prompt_9a40513f
Wed Aug 19 14:21:59 IST 2026,Auto_Prompt_40af874e,Agent_Auto_Prompt_40af874e
Wed Aug 19 14:21:59 IST 2026,Auto_Prompt_63048557,Agent_Auto_Prompt_63048557
Wed Aug 19 14:22:00 IST 2026,Auto_Prompt_7fbe3d65,Agent_Auto_Prompt_7fbe3d65
Wed Aug 19 14:22:00 IST 2026,Auto_Prompt_b9eee71b,Agent_Auto_Prompt_b9eee71b
Wed Aug 19 14:22:00 IST 2026,Auto_Prompt_fc9e7a96,Agent_Auto_Prompt_fc9e7a96
Wed Aug 19 14:22:00 IST 2026,Auto_Prompt_00a2864a,Agent_Auto_Prompt_00a2864a
Wed Aug 19 14:22:00 IST 2026,Auto_Prompt_74cf0a58,Agent_Auto_Prompt_74cf0a58
Wed Aug 19 14:22:00 IST 2026,Auto_Prompt_92e211ad,Agent_Auto_Prompt_92e211ad
Wed Aug 19 14:22:00 IST 2026,Auto_Prompt_bbef108c,Agent_Auto_Prompt_bbef108c
Wed Aug 19 14:22:00 IST 2026,Auto_Prompt_e93a0b3a,Agent_Auto_Prompt_e93a0b3a
Wed Aug 19 14:22:00 IST 2026,Auto_Prompt_55ee337b,Agent_Auto_Prompt_55ee337b
Wed Aug 19 14:22:01 IST 2026,Auto_Prompt_a48ad8ed,Agent_Auto_Prompt_a48ad8ed
Wed Aug 19 14:22:01 IST 2026,Auto_Prompt_b9308e07,Agent_Auto_Prompt_b9308e07
Wed Aug 19 14:22:01 IST 2026,Auto_Prompt_1f9a40d9,Agent_Auto_Prompt_1f9a40d9
Wed Aug 19 14:22:01 IST 2026,Auto_Prompt_5774f5af,Agent_Auto_Prompt_5774f5af
Wed Aug 19 14:22:01 IST 2026,Auto_Prompt_43e9cbd8,Agent_Auto_Prompt_43e9cbd8
Wed Aug 19 14:22:01 IST 2026,Auto_Prompt_5a46e255,Agent_Auto_Prompt_5a46e255
Wed Aug 19 14:22:01 IST 2026,Auto_Prompt_9f444fad,Agent_Auto_Prompt_9f444fad
Wed Aug 19 14:22:01 IST 2026,Auto_Prompt_43ccb6d2,Agent_Auto_Prompt_43ccb6d2
Wed Aug 19 14:22:01 IST 2026,Auto_Prompt_e91f7601,Agent_Auto_Prompt_e91f7601
Wed Aug 19 14:22:01 IST 2026,Auto_Prompt_19d77f2a,Agent_Auto_Prompt_19d77f2a
Wed Aug 19 14:22:02 IST 2026,Auto_Prompt_9c8f738e,Agent_Auto_Prompt_9c8f738e
Wed Aug 19 14:22:02 IST 2026,Auto_Prompt_ef4dfc87,Agent_Auto_Prompt_ef4dfc87
Wed Aug 19 14:22:02 IST 2026,Auto_Prompt_570f8e25,Agent_Auto_Prompt_570f8e25
Wed Aug 19 14:22:03 IST 2026,Auto_Prompt_1484f9e4,Agent_Auto_Prompt_1484f9e4
Wed Aug 19 14:22:03 IST 2026,Auto_Prompt_b27c8125,Agent_Auto_Prompt_b27c8125
Wed Aug 19 14:22:03 IST 2026,Auto_Prompt_a1251cf6,Agent_Auto_Prompt_a1251cf6
Wed Aug 19 14:22:03 IST 2026,Auto_Prompt_30a2424f,Agent_Auto_Prompt_30a2424f
Wed Aug 19 14:22:03 IST 2026,Auto_Prompt_b7c99140,Agent_Auto_Prompt_b7c99140
Wed Aug 19 14:22:03 IST 2026,Auto_Prompt_8371ba88,Agent_Auto_Prompt_8371ba88
Wed Aug 19 14:22:03 IST 2026,Auto_Prompt_ff7aa784,Agent_Auto_Prompt_ff7aa784
Wed Aug 19 14:22:04 IST 2026,Auto_Prompt_291ce29a,Agent_Auto_Prompt_291ce29a
Wed Aug 19 14:22:04 IST 2026,Auto_Prompt_475f0744,Agent_Auto_Prompt_475f0744
Wed Aug 19 14:22:04 IST 2026,Auto_Prompt_792dc766,Agent_Auto_Prompt_792dc766
Wed Aug 19 14:22:04 IST 2026,Auto_Prompt_212a434b,Agent_Auto_Prompt_212a434b
Wed Aug 19 14:22:04 IST 2026,Auto_Prompt_5df31006,Agent_Auto_Prompt_5df31006
Wed Aug 19 14:22:04 IST 2026,Auto_Prompt_7ae3d48b,Agent_Auto_Prompt_7ae3d48b
Wed Aug 19 14:22:04 IST 2026,Auto_Prompt_e6986899,Agent_Auto_Prompt_e6986899
Wed Aug 19 14:22:04 IST 2026,Auto_Prompt_0662e8a5,Agent_Auto_Prompt_0662e8a5
Wed Aug 19 14:22:04 IST 2026,Auto_Prompt_c170961f,Agent_Auto_Prompt_c170961f
Wed Aug 19 14:22:04 IST 2026,Auto_Prompt_b983b720,Agent_Auto_Prompt_b983b720
Wed Aug 19 14:22:05 IST 2026,Auto_Prompt_ca78d885,Agent_Auto_Prompt_ca78d885
Wed Aug 19 14:22:05 IST 2026,Auto_Prompt_7cd2a926,Agent_Auto_Prompt_7cd2a926
Wed Aug 19 14:22:05 IST 2026,Auto_Prompt_e83e2330,Agent_Auto_Prompt_e83e2330
Wed Aug 19 14:22:05 IST 2026,Auto_Prompt_2ca91b70,Agent_Auto_Prompt_2ca91b70
Wed Aug 19 14:22:05 IST 2026,Auto_Prompt_142ac2fb,Agent_Auto_Prompt_142ac2fb
Wed Aug 19 14:22:05 IST 2026,Auto_Prompt_384371b5,Agent_Auto_Prompt_384371b5
Wed Aug 19 14:22:05 IST 2026,Auto_Prompt_5f03bc67,Agent_Auto_Prompt_5f03bc67
Wed Aug 19 14:22:05 IST 2026,Auto_Prompt_530b131f,Agent_Auto_Prompt_530b131f
Wed Aug 19 14:22:05 IST 2026,Auto_Prompt_567b22e9,Agent_Auto_Prompt_567b22e9
Wed Aug 19 14:22:06 IST 2026,Auto_Prompt_80e21226,Agent_Auto_Prompt_80e21226
Wed Aug 19 14:22:06 IST 2026,Auto_Prompt_5da59c65,Agent_Auto_Prompt_5da59c65
Wed Aug 19 14:22:06 IST 2026,Auto_Prompt_9ffa8f9e,Agent_Auto_Prompt_9ffa8f9e
Wed Aug 19 14:22:06 IST 2026,Auto_Prompt_8020fe60,Agent_Auto_Prompt_8020fe60
Wed Aug 19 14:22:06 IST 2026,Auto_Prompt_f57b0680,Agent_Auto_Prompt_f57b0680
Wed Aug 19 14:22:06 IST 2026,Auto_Prompt_c8b5d843,Agent_Auto_Prompt_c8b5d843
Wed Aug 19 14:22:07 IST 2026,Auto_Prompt_b7bf299b,Agent_Auto_Prompt_b7bf299b
Wed Aug 19 14:22:07 IST 2026,Auto_Prompt_2355ae27,Agent_Auto_Prompt_2355ae27
Wed Aug 19 14:22:07 IST 2026,Auto_Prompt_bb924f66,Agent_Auto_Prompt_bb924f66
Wed Aug 19 14:22:07 IST 2026,Auto_Prompt_1e4b2528,Agent_Auto_Prompt_1e4b2528
Wed Aug 19 14:22:07 IST 2026,Auto_Prompt_f57a09d0,Agent_Auto_Prompt_f57a09d0
Wed Aug 19 14:22:07 IST 2026,Auto_Prompt_13ed79d4,Agent_Auto_Prompt_13ed79d4
Wed Aug 19 14:22:08 IST 2026,Auto_Prompt_6e542b20,Agent_Auto_Prompt_6e542b20
Wed Aug 19 14:22:08 IST 2026,Auto_Prompt_3e26e7b2,Agent_Auto_Prompt_3e26e7b2
Wed Aug 19 14:22:08 IST 2026,Auto_Prompt_1be0bf13,Agent_Auto_Prompt_1be0bf13
Wed Aug 19 14:22:08 IST 2026,Auto_Prompt_60cc1a63,Agent_Auto_Prompt_60cc1a63
Wed Aug 19 14:22:08 IST 2026,Auto_Prompt_b544dc43,Agent_Auto_Prompt_b544dc43
Wed Aug 19 14:22:08 IST 2026,Auto_Prompt_3f600498,Agent_Auto_Prompt_3f600498
Wed Aug 19 14:22:08 IST 2026,Auto_Prompt_a7997746,Agent_Auto_Prompt_a7997746
Wed Aug 19 14:22:09 IST 2026,Auto_Prompt_be41e5da,Agent_Auto_Prompt_be41e5da
Wed Aug 19 14:22:09 IST 2026,Auto_Prompt_d39e67cb,Agent_Auto_Prompt_d39e67cb
Wed Aug 19 14:22:09 IST 2026,Auto_Prompt_d4d47db3,Agent_Auto_Prompt_d4d47db3
Wed Aug 19 14:22:09 IST 2026,Auto_Prompt_8c05163a,Agent_Auto_Prompt_8c05163a
Wed Aug 19 14:22:09 IST 2026,Auto_Prompt_f6d3a75b,Agent_Auto_Prompt_f6d3a75b
Wed Aug 19 14:22:09 IST 2026,Auto_Prompt_71166dfe,Agent_Auto_Prompt_71166dfe
Wed Aug 19 14:22:09 IST 2026,Auto_Prompt_d48c8242,Agent_Auto_Prompt_d48c8242
Wed Aug 19 14:22:09 IST 2026,Auto_Prompt_3262b219,Agent_Auto_Prompt_3262b219
Wed Aug 19 14:22:09 IST 2026,Auto_Prompt_656d9753,Agent_Auto_Prompt_656d9753
Wed Aug 19 14:22:09 IST 2026,Auto_Prompt_0e675820,Agent_Auto_Prompt_0e675820
Wed Aug 19 14:22:10 IST 2026,Auto_Prompt_a23727cc,Agent_Auto_Prompt_a23727cc
Wed Aug 19 14:22:10 IST 2026,Auto_Prompt_b2ed94f0,Agent_Auto_Prompt_b2ed94f0
Wed Aug 19 14:22:10 IST 2026,Auto_Prompt_187d05b0,Agent_Auto_Prompt_187d05b0
Wed Aug 19 14:22:10 IST 2026,Auto_Prompt_c6e7ccf9,Agent_Auto_Prompt_c6e7ccf9
Wed Aug 19 14:22:10 IST 2026,Auto_Prompt_f6d0697e,Agent_Auto_Prompt_f6d0697e
Wed Aug 19 14:22:10 IST 2026,Auto_Prompt_822199a7,Agent_Auto_Prompt_822199a7
Wed Aug 19 14:22:10 IST 2026,Auto_Prompt_b2d385da,Agent_Auto_Prompt_b2d385da
Wed Aug 19 14:22:10 IST 2026,Auto_Prompt_305275f5,Agent_Auto_Prompt_305275f5
Wed Aug 19 14:22:10 IST 2026,Auto_Prompt_275db1f9,Agent_Auto_Prompt_275db1f9
Wed Aug 19 14:22:10 IST 2026,Auto_Prompt_10b3d43a,Agent_Auto_Prompt_10b3d43a
Wed Aug 19 14:22:11 IST 2026,Auto_Prompt_a3caf23f,Agent_Auto_Prompt_a3caf23f
Wed Aug 19 14:22:11 IST 2026,Auto_Prompt_734ab6e5,Agent_Auto_Prompt_734ab6e5
Wed Aug 19 14:22:11 IST 2026,Auto_Prompt_6c364686,Agent_Auto_Prompt_6c364686
Wed Aug 19 14:22:11 IST 2026,Auto_Prompt_15890253,Agent_Auto_Prompt_15890253
Wed Aug 19 14:22:11 IST 2026,Auto_Prompt_d71cfaf8,Agent_Auto_Prompt_d71cfaf8
Wed Aug 19 14:22:11 IST 2026,Auto_Prompt_b62eab2d,Agent_Auto_Prompt_b62eab2d
Wed Aug 19 14:22:12 IST 2026,Auto_Prompt_b141517b,Agent_Auto_Prompt_b141517b
Wed Aug 19 14:22:12 IST 2026,Auto_Prompt_d2c419ed,Agent_Auto_Prompt_d2c419ed
Wed Aug 19 14:22:12 IST 2026,Auto_Prompt_3d046135,Agent_Auto_Prompt_3d046135
Wed Aug 19 14:22:12 IST 2026,Auto_Prompt_fd39e529,Agent_Auto_Prompt_fd39e529
Wed Aug 19 14:22:12 IST 2026,Auto_Prompt_7490c991,Agent_Auto_Prompt_7490c991
Wed Aug 19 14:22:12 IST 2026,Auto_Prompt_8923114f,Agent_Auto_Prompt_8923114f
Wed Aug 19 14:22:12 IST 2026,Auto_Prompt_031a1e03,Agent_Auto_Prompt_031a1e03
Wed Aug 19 14:22:13 IST 2026,Auto_Prompt_98e50327,Agent_Auto_Prompt_98e50327
Wed Aug 19 14:22:13 IST 2026,Auto_Prompt_39262402,Agent_Auto_Prompt_39262402
Wed Aug 19 14:22:13 IST 2026,Auto_Prompt_07a76e36,Agent_Auto_Prompt_07a76e36
Wed Aug 19 14:22:13 IST 2026,Auto_Prompt_35e860b8,Agent_Auto_Prompt_35e860b8
Wed Aug 19 14:22:13 IST 2026,Auto_Prompt_c97660c8,Agent_Auto_Prompt_c97660c8
Wed Aug 19 14:22:13 IST 2026,Auto_Prompt_050a0b07,Agent_Auto_Prompt_050a0b07
Wed Aug 19 14:22:13 IST 2026,Auto_Prompt_bcaa61bf,Agent_Auto_Prompt_bcaa61bf
Wed Aug 19 14:22:13 IST 2026,Auto_Prompt_3711f6e2,Agent_Auto_Prompt_3711f6e2
Wed Aug 19 14:22:14 IST 2026,Auto_Prompt_1eec6db9,Agent_Auto_Prompt_1eec6db9
Wed Aug 19 14:22:14 IST 2026,Auto_Prompt_b9516523,Agent_Auto_Prompt_b9516523
Wed Aug 19 14:22:14 IST 2026,Auto_Prompt_6c09a2f8,Agent_Auto_Prompt_6c09a2f8
Wed Aug 19 14:22:14 IST 2026,Auto_Prompt_a8b08640,Agent_Auto_Prompt_a8b08640
Wed Aug 19 14:22:14 IST 2026,Auto_Prompt_86838bab,Agent_Auto_Prompt_86838bab
Wed Aug 19 14:22:14 IST 2026,Auto_Prompt_ed307515,Agent_Auto_Prompt_ed307515
Wed Aug 19 14:22:14 IST 2026,Auto_Prompt_419ab7bf,Agent_Auto_Prompt_419ab7bf
Wed Aug 19 14:22:14 IST 2026,Auto_Prompt_09b37230,Agent_Auto_Prompt_09b37230
Wed Aug 19 14:22:14 IST 2026,Auto_Prompt_c142dd99,Agent_Auto_Prompt_c142dd99
Wed Aug 19 14:22:15 IST 2026,Auto_Prompt_ad586b89,Agent_Auto_Prompt_ad586b89
Wed Aug 19 14:22:15 IST 2026,Auto_Prompt_0158bf18,Agent_Auto_Prompt_0158bf18
Wed Aug 19 14:22:15 IST 2026,Auto_Prompt_0923bd54,Agent_Auto_Prompt_0923bd54
Wed Aug 19 14:22:15 IST 2026,Auto_Prompt_865eef34,Agent_Auto_Prompt_865eef34
Wed Aug 19 14:22:15 IST 2026,Auto_Prompt_8f345437,Agent_Auto_Prompt_8f345437
Wed Aug 19 14:22:15 IST 2026,Auto_Prompt_46deb4c0,Agent_Auto_Prompt_46deb4c0
Wed Aug 19 14:22:15 IST 2026,Auto_Prompt_b99fb72b,Agent_Auto_Prompt_b99fb72b
Wed Aug 19 14:22:15 IST 2026,Auto_Prompt_6d5e6681,Agent_Auto_Prompt_6d5e6681
Wed Aug 19 14:22:15 IST 2026,Auto_Prompt_1ec5adb2,Agent_Auto_Prompt_1ec5adb2
Wed Aug 19 14:22:15 IST 2026,Auto_Prompt_bc3060da,Agent_Auto_Prompt_bc3060da
Wed Aug 19 14:22:16 IST 2026,Auto_Prompt_a74fce52,Agent_Auto_Prompt_a74fce52
Wed Aug 19 14:22:16 IST 2026,Auto_Prompt_d745a24b,Agent_Auto_Prompt_d745a24b
Wed Aug 19 14:22:16 IST 2026,Auto_Prompt_c3c97cc1,Agent_Auto_Prompt_c3c97cc1
Wed Aug 19 14:22:16 IST 2026,Auto_Prompt_b63dc7a3,Agent_Auto_Prompt_b63dc7a3
Wed Aug 19 14:22:16 IST 2026,Auto_Prompt_9d9ffd4c,Agent_Auto_Prompt_9d9ffd4c
Wed Aug 19 14:22:16 IST 2026,Auto_Prompt_692167c4,Agent_Auto_Prompt_692167c4
Wed Aug 19 14:22:16 IST 2026,Auto_Prompt_1eb3d380,Agent_Auto_Prompt_1eb3d380
Wed Aug 19 14:22:16 IST 2026,Auto_Prompt_148a2666,Agent_Auto_Prompt_148a2666
Wed Aug 19 14:22:16 IST 2026,Auto_Prompt_55b4eedf,Agent_Auto_Prompt_55b4eedf
Wed Aug 19 14:22:16 IST 2026,Auto_Prompt_ee6188f0,Agent_Auto_Prompt_ee6188f0
Wed Aug 19 14:22:17 IST 2026,Auto_Prompt_3c8ffba2,Agent_Auto_Prompt_3c8ffba2
Wed Aug 19 14:22:17 IST 2026,Auto_Prompt_0cf002c5,Agent_Auto_Prompt_0cf002c5
Wed Aug 19 14:22:17 IST 2026,Auto_Prompt_af72c044,Agent_Auto_Prompt_af72c044
Wed Aug 19 14:22:18 IST 2026,Auto_Prompt_e6e8ddd1,Agent_Auto_Prompt_e6e8ddd1
Wed Aug 19 14:22:18 IST 2026,Auto_Prompt_f4312d99,Agent_Auto_Prompt_f4312d99
Wed Aug 19 14:22:18 IST 2026,Auto_Prompt_25af6e19,Agent_Auto_Prompt_25af6e19
Wed Aug 19 14:22:18 IST 2026,Auto_Prompt_d3ec7da2,Agent_Auto_Prompt_d3ec7da2
Wed Aug 19 14:22:18 IST 2026,Auto_Prompt_e39b5e35,Agent_Auto_Prompt_e39b5e35
Wed Aug 19 14:22:18 IST 2026,Auto_Prompt_f0aa7638,Agent_Auto_Prompt_f0aa7638
Wed Aug 19 14:22:18 IST 2026,Auto_Prompt_3c99cd01,Agent_Auto_Prompt_3c99cd01
Wed Aug 19 14:22:18 IST 2026,Auto_Prompt_74b2bcb4,Agent_Auto_Prompt_74b2bcb4
Wed Aug 19 14:22:19 IST 2026,Auto_Prompt_3665860f,Agent_Auto_Prompt_3665860f
Wed Aug 19 14:22:19 IST 2026,Auto_Prompt_88cf6126,Agent_Auto_Prompt_88cf6126
Wed Aug 19 14:22:19 IST 2026,Auto_Prompt_f00057df,Agent_Auto_Prompt_f00057df
Wed Aug 19 14:22:19 IST 2026,Auto_Prompt_ee93912b,Agent_Auto_Prompt_ee93912b
Wed Aug 19 14:22:19 IST 2026,Auto_Prompt_ac35ba4f,Agent_Auto_Prompt_ac35ba4f
Wed Aug 19 14:22:19 IST 2026,Auto_Prompt_591a7e0e,Agent_Auto_Prompt_591a7e0e
Wed Aug 19 14:22:19 IST 2026,Auto_Prompt_586ea9af,Agent_Auto_Prompt_586ea9af
Wed Aug 19 14:22:19 IST 2026,Auto_Prompt_3f40796e,Agent_Auto_Prompt_3f40796e
Wed Aug 19 14:22:19 IST 2026,Auto_Prompt_a27046fb,Agent_Auto_Prompt_a27046fb
Wed Aug 19 14:22:20 IST 2026,Auto_Prompt_c9bed1c4,Agent_Auto_Prompt_c9bed1c4
Wed Aug 19 14:22:20 IST 2026,Auto_Prompt_9e923a1b,Agent_Auto_Prompt_9e923a1b
Wed Aug 19 14:22:20 IST 2026,Auto_Prompt_4028f996,Agent_Auto_Prompt_4028f996
Wed Aug 19 14:22:20 IST 2026,Auto_Prompt_8e6c3758,Agent_Auto_Prompt_8e6c3758
Wed Aug 19 14:22:20 IST 2026,Auto_Prompt_06beab50,Agent_Auto_Prompt_06beab50
Wed Aug 19 14:22:20 IST 2026,Auto_Prompt_f6182f63,Agent_Auto_Prompt_f6182f63
Wed Aug 19 14:22:20 IST 2026,Auto_Prompt_7e5bbdd8,Agent_Auto_Prompt_7e5bbdd8
Wed Aug 19 14:22:20 IST 2026,Auto_Prompt_53cbd582,Agent_Auto_Prompt_53cbd582
Wed Aug 19 14:22:20 IST 2026,Auto_Prompt_8f507b8b,Agent_Auto_Prompt_8f507b8b
Wed Aug 19 14:22:21 IST 2026,Auto_Prompt_455b1edd,Agent_Auto_Prompt_455b1edd
Wed Aug 19 14:22:21 IST 2026,Auto_Prompt_d3296555,Agent_Auto_Prompt_d3296555
Wed Aug 19 14:22:21 IST 2026,Auto_Prompt_f0d87ca8,Agent_Auto_Prompt_f0d87ca8
Wed Aug 19 14:22:21 IST 2026,Auto_Prompt_c4e9b3d2,Agent_Auto_Prompt_c4e9b3d2
Wed Aug 19 14:22:21 IST 2026,Auto_Prompt_8f84b6b4,Agent_Auto_Prompt_8f84b6b4
Wed Aug 19 14:22:21 IST 2026,Auto_Prompt_5cb2b0cc,Agent_Auto_Prompt_5cb2b0cc
Wed Aug 19 14:22:21 IST 2026,Auto_Prompt_ee4acead,Agent_Auto_Prompt_ee4acead
Wed Aug 19 14:22:21 IST 2026,Auto_Prompt_447847c4,Agent_Auto_Prompt_447847c4
Wed Aug 19 14:22:22 IST 2026,Auto_Prompt_9ab133b0,Agent_Auto_Prompt_9ab133b0
Wed Aug 19 14:22:22 IST 2026,Auto_Prompt_50b06697,Agent_Auto_Prompt_50b06697
Wed Aug 19 14:22:22 IST 2026,Auto_Prompt_dae1b0b7,Agent_Auto_Prompt_dae1b0b7
Wed Aug 19 14:22:22 IST 2026,Auto_Prompt_34ce51ee,Agent_Auto_Prompt_34ce51ee
Wed Aug 19 14:22:22 IST 2026,Auto_Prompt_4ff85254,Agent_Auto_Prompt_4ff85254
Wed Aug 19 14:22:23 IST 2026,Auto_Prompt_a7b22a91,Agent_Auto_Prompt_a7b22a91
Wed Aug 19 14:22:23 IST 2026,Auto_Prompt_ed099c3f,Agent_Auto_Prompt_ed099c3f
Wed Aug 19 14:22:23 IST 2026,Auto_Prompt_4c7e4e7e,Agent_Auto_Prompt_4c7e4e7e
Wed Aug 19 14:22:23 IST 2026,Auto_Prompt_0b2c75ce,Agent_Auto_Prompt_0b2c75ce
Wed Aug 19 14:22:23 IST 2026,Auto_Prompt_d7f5c028,Agent_Auto_Prompt_d7f5c028
Wed Aug 19 14:22:23 IST 2026,Auto_Prompt_e06b73c7,Agent_Auto_Prompt_e06b73c7
Wed Aug 19 14:22:23 IST 2026,Auto_Prompt_2854fee7,Agent_Auto_Prompt_2854fee7
Wed Aug 19 14:22:23 IST 2026,Auto_Prompt_37412fe9,Agent_Auto_Prompt_37412fe9
Wed Aug 19 14:22:23 IST 2026,Auto_Prompt_7a8ccbc7,Agent_Auto_Prompt_7a8ccbc7
Wed Aug 19 14:22:24 IST 2026,Auto_Prompt_f708428b,Agent_Auto_Prompt_f708428b
Wed Aug 19 14:22:24 IST 2026,Auto_Prompt_ae421f61,Agent_Auto_Prompt_ae421f61
Wed Aug 19 14:22:24 IST 2026,Auto_Prompt_42bacda6,Agent_Auto_Prompt_42bacda6
Wed Aug 19 14:22:24 IST 2026,Auto_Prompt_e4458017,Agent_Auto_Prompt_e4458017
Wed Aug 19 14:22:24 IST 2026,Auto_Prompt_03d2ea6d,Agent_Auto_Prompt_03d2ea6d
Wed Aug 19 14:22:24 IST 2026,Auto_Prompt_ceeb8f53,Agent_Auto_Prompt_ceeb8f53
Wed Aug 19 14:22:24 IST 2026,Auto_Prompt_0b1b80e0,Agent_Auto_Prompt_0b1b80e0
Wed Aug 19 14:22:24 IST 2026,Auto_Prompt_dd5bd3d1,Agent_Auto_Prompt_dd5bd3d1
Wed Aug 19 14:22:24 IST 2026,Auto_Prompt_b22981e2,Agent_Auto_Prompt_b22981e2
Wed Aug 19 14:22:25 IST 2026,Auto_Prompt_a57f7e1c,Agent_Auto_Prompt_a57f7e1c
Wed Aug 19 14:22:25 IST 2026,Auto_Prompt_a48e172f,Agent_Auto_Prompt_a48e172f
Wed Aug 19 14:22:25 IST 2026,Auto_Prompt_99f52a1f,Agent_Auto_Prompt_99f52a1f
Wed Aug 19 14:22:25 IST 2026,Auto_Prompt_d1514630,Agent_Auto_Prompt_d1514630
Wed Aug 19 14:22:25 IST 2026,Auto_Prompt_61019d2f,Agent_Auto_Prompt_61019d2f
Wed Aug 19 14:22:25 IST 2026,Auto_Prompt_73b7f37b,Agent_Auto_Prompt_73b7f37b
Wed Aug 19 14:22:25 IST 2026,Auto_Prompt_d2aa1524,Agent_Auto_Prompt_d2aa1524
Wed Aug 19 14:22:25 IST 2026,Auto_Prompt_bcf1aa18,Agent_Auto_Prompt_bcf1aa18
Wed Aug 19 14:22:25 IST 2026,Auto_Prompt_39d9a21c,Agent_Auto_Prompt_39d9a21c
Wed Aug 19 14:22:25 IST 2026,Auto_Prompt_e949fb9f,Agent_Auto_Prompt_e949fb9f
Wed Aug 19 14:22:26 IST 2026,Auto_Prompt_a7844b2a,Agent_Auto_Prompt_a7844b2a
Wed Aug 19 14:22:26 IST 2026,Auto_Prompt_86d3c7d5,Agent_Auto_Prompt_86d3c7d5
Wed Aug 19 14:22:26 IST 2026,Auto_Prompt_00e198ca,Agent_Auto_Prompt_00e198ca
Wed Aug 19 14:22:26 IST 2026,Auto_Prompt_db2c9bfe,Agent_Auto_Prompt_db2c9bfe
Wed Aug 19 14:22:26 IST 2026,Auto_Prompt_24ae7157,Agent_Auto_Prompt_24ae7157
Wed Aug 19 14:22:26 IST 2026,Auto_Prompt_531a0422,Agent_Auto_Prompt_531a0422
Wed Aug 19 14:22:26 IST 2026,Auto_Prompt_f72810e5,Agent_Auto_Prompt_f72810e5
Wed Aug 19 14:22:26 IST 2026,Auto_Prompt_6aa21689,Agent_Auto_Prompt_6aa21689
Wed Aug 19 14:22:26 IST 2026,Auto_Prompt_8cad0b63,Agent_Auto_Prompt_8cad0b63
Wed Aug 19 14:22:27 IST 2026,Auto_Prompt_0f21a07c,Agent_Auto_Prompt_0f21a07c
Wed Aug 19 14:22:27 IST 2026,Auto_Prompt_9b007534,Agent_Auto_Prompt_9b007534
Wed Aug 19 14:22:27 IST 2026,Auto_Prompt_87365ab9,Agent_Auto_Prompt_87365ab9
Wed Aug 19 14:22:27 IST 2026,Auto_Prompt_a4e09e63,Agent_Auto_Prompt_a4e09e63
Wed Aug 19 14:22:27 IST 2026,Auto_Prompt_d9f374a2,Agent_Auto_Prompt_d9f374a2
Wed Aug 19 14:22:27 IST 2026,Auto_Prompt_55a84a5e,Agent_Auto_Prompt_55a84a5e
Wed Aug 19 14:22:28 IST 2026,Auto_Prompt_a1d6be1d,Agent_Auto_Prompt_a1d6be1d
Wed Aug 19 14:22:28 IST 2026,Auto_Prompt_7f443b3c,Agent_Auto_Prompt_7f443b3c
Wed Aug 19 14:22:28 IST 2026,Auto_Prompt_65326329,Agent_Auto_Prompt_65326329
Wed Aug 19 14:22:28 IST 2026,Auto_Prompt_a81df799,Agent_Auto_Prompt_a81df799
Wed Aug 19 14:22:28 IST 2026,Auto_Prompt_ee20232c,Agent_Auto_Prompt_ee20232c
Wed Aug 19 14:22:28 IST 2026,Auto_Prompt_0009d114,Agent_Auto_Prompt_0009d114
Wed Aug 19 14:22:28 IST 2026,Auto_Prompt_dab3e92e,Agent_Auto_Prompt_dab3e92e
Wed Aug 19 14:22:29 IST 2026,Auto_Prompt_aa955ff7,Agent_Auto_Prompt_aa955ff7
Wed Aug 19 14:22:29 IST 2026,Auto_Prompt_465db106,Agent_Auto_Prompt_465db106
Wed Aug 19 14:22:29 IST 2026,Auto_Prompt_1b2ecd86,Agent_Auto_Prompt_1b2ecd86
Wed Aug 19 14:22:29 IST 2026,Auto_Prompt_6f919052,Agent_Auto_Prompt_6f919052
Wed Aug 19 14:22:29 IST 2026,Auto_Prompt_16478cca,Agent_Auto_Prompt_16478cca
Wed Aug 19 14:22:29 IST 2026,Auto_Prompt_5808fa1b,Agent_Auto_Prompt_5808fa1b
Wed Aug 19 14:22:29 IST 2026,Auto_Prompt_6330b239,Agent_Auto_Prompt_6330b239
Wed Aug 19 14:22:29 IST 2026,Auto_Prompt_805354ba,Agent_Auto_Prompt_805354ba
Wed Aug 19 14:22:29 IST 2026,Auto_Prompt_c814a881,Agent_Auto_Prompt_c814a881
Wed Aug 19 14:22:30 IST 2026,Auto_Prompt_f4ca14b6,Agent_Auto_Prompt_f4ca14b6
Wed Aug 19 14:22:30 IST 2026,Auto_Prompt_a6aabd20,Agent_Auto_Prompt_a6aabd20
Wed Aug 19 14:22:30 IST 2026,Auto_Prompt_c4b70d48,Agent_Auto_Prompt_c4b70d48
Wed Aug 19 14:22:30 IST 2026,Auto_Prompt_7a2a59ae,Agent_Auto_Prompt_7a2a59ae
Wed Aug 19 14:22:30 IST 2026,Auto_Prompt_8ce176fb,Agent_Auto_Prompt_8ce176fb
Wed Aug 19 14:22:30 IST 2026,Auto_Prompt_0d6eda22,Agent_Auto_Prompt_0d6eda22
Wed Aug 19 14:22:30 IST 2026,Auto_Prompt_82112e7b,Agent_Auto_Prompt_82112e7b
Wed Aug 19 14:22:30 IST 2026,Auto_Prompt_cab37d2d,Agent_Auto_Prompt_cab37d2d
Wed Aug 19 14:22:31 IST 2026,Auto_Prompt_13217ce3,Agent_Auto_Prompt_13217ce3
Wed Aug 19 14:22:31 IST 2026,Auto_Prompt_63f401ec,Agent_Auto_Prompt_63f401ec
Wed Aug 19 14:22:31 IST 2026,Auto_Prompt_3679713a,Agent_Auto_Prompt_3679713a
Wed Aug 19 14:22:31 IST 2026,Auto_Prompt_9c95f822,Agent_Auto_Prompt_9c95f822
Wed Aug 19 14:22:31 IST 2026,Auto_Prompt_40221a91,Agent_Auto_Prompt_40221a91
Wed Aug 19 14:22:31 IST 2026,Auto_Prompt_a1d535dc,Agent_Auto_Prompt_a1d535dc
Wed Aug 19 14:22:31 IST 2026,Auto_Prompt_89ad2f85,Agent_Auto_Prompt_89ad2f85
Wed Aug 19 14:22:31 IST 2026,Auto_Prompt_4e443e06,Agent_Auto_Prompt_4e443e06
Wed Aug 19 14:22:31 IST 2026,Auto_Prompt_aaf4a7e3,Agent_Auto_Prompt_aaf4a7e3
Wed Aug 19 14:22:32 IST 2026,Auto_Prompt_3503b5d4,Agent_Auto_Prompt_3503b5d4
Wed Aug 19 14:22:32 IST 2026,Auto_Prompt_16a552db,Agent_Auto_Prompt_16a552db
Wed Aug 19 14:22:32 IST 2026,Auto_Prompt_f5d0b739,Agent_Auto_Prompt_f5d0b739
Wed Aug 19 14:22:32 IST 2026,Auto_Prompt_277d38bd,Agent_Auto_Prompt_277d38bd
Wed Aug 19 14:22:32 IST 2026,Auto_Prompt_ecfad9d8,Agent_Auto_Prompt_ecfad9d8
Wed Aug 19 14:22:32 IST 2026,Auto_Prompt_1158adda,Agent_Auto_Prompt_1158adda
Wed Aug 19 14:22:32 IST 2026,Auto_Prompt_db23f57d,Agent_Auto_Prompt_db23f57d
Wed Aug 19 14:22:32 IST 2026,Auto_Prompt_ffd1200a,Agent_Auto_Prompt_ffd1200a
Wed Aug 19 14:22:32 IST 2026,Auto_Prompt_a34dfe1b,Agent_Auto_Prompt_a34dfe1b
Wed Aug 19 14:22:33 IST 2026,Auto_Prompt_582ee31c,Agent_Auto_Prompt_582ee31c
Wed Aug 19 14:22:33 IST 2026,Auto_Prompt_f31d4d00,Agent_Auto_Prompt_f31d4d00
Wed Aug 19 14:22:33 IST 2026,Auto_Prompt_52ef75af,Agent_Auto_Prompt_52ef75af
Wed Aug 19 14:22:33 IST 2026,Auto_Prompt_49b3b113,Agent_Auto_Prompt_49b3b113
Wed Aug 19 14:22:33 IST 2026,Auto_Prompt_60399f8d,Agent_Auto_Prompt_60399f8d
Wed Aug 19 14:22:34 IST 2026,Auto_Prompt_84d4ef41,Agent_Auto_Prompt_84d4ef41
Wed Aug 19 14:22:34 IST 2026,Auto_Prompt_c1fb42d2,Agent_Auto_Prompt_c1fb42d2
Wed Aug 19 14:22:34 IST 2026,Auto_Prompt_6daf0dd9,Agent_Auto_Prompt_6daf0dd9
Wed Aug 19 14:22:34 IST 2026,Auto_Prompt_4a5e8f9b,Agent_Auto_Prompt_4a5e8f9b
Wed Aug 19 14:22:34 IST 2026,Auto_Prompt_be05eb68,Agent_Auto_Prompt_be05eb68
Wed Aug 19 14:22:34 IST 2026,Auto_Prompt_09eb9c86,Agent_Auto_Prompt_09eb9c86
Wed Aug 19 14:22:34 IST 2026,Auto_Prompt_f98aed55,Agent_Auto_Prompt_f98aed55
Wed Aug 19 14:22:34 IST 2026,Auto_Prompt_80a9fa34,Agent_Auto_Prompt_80a9fa34
Wed Aug 19 14:22:34 IST 2026,Auto_Prompt_793cb0b4,Agent_Auto_Prompt_793cb0b4
Wed Aug 19 14:22:35 IST 2026,Auto_Prompt_b446cd27,Agent_Auto_Prompt_b446cd27
Wed Aug 19 14:22:35 IST 2026,Auto_Prompt_18bb7f01,Agent_Auto_Prompt_18bb7f01
Wed Aug 19 14:22:35 IST 2026,Auto_Prompt_6a5686e1,Agent_Auto_Prompt_6a5686e1
Wed Aug 19 14:22:35 IST 2026,Auto_Prompt_eb80411b,Agent_Auto_Prompt_eb80411b
Wed Aug 19 14:22:35 IST 2026,Auto_Prompt_71bd4cb4,Agent_Auto_Prompt_71bd4cb4
Wed Aug 19 14:22:35 IST 2026,Auto_Prompt_569ce50a,Agent_Auto_Prompt_569ce50a
Wed Aug 19 14:22:35 IST 2026,Auto_Prompt_56f0dd42,Agent_Auto_Prompt_56f0dd42
Wed Aug 19 14:22:35 IST 2026,Auto_Prompt_91bbaca0,Agent_Auto_Prompt_91bbaca0
Wed Aug 19 14:22:35 IST 2026,Auto_Prompt_a784def7,Agent_Auto_Prompt_a784def7
Wed Aug 19 14:22:36 IST 2026,Auto_Prompt_56c61dfb,Agent_Auto_Prompt_56c61dfb
Wed Aug 19 14:22:36 IST 2026,Auto_Prompt_63db4507,Agent_Auto_Prompt_63db4507
Wed Aug 19 14:22:36 IST 2026,Auto_Prompt_a24aeab3,Agent_Auto_Prompt_a24aeab3
Wed Aug 19 14:22:36 IST 2026,Auto_Prompt_204cc6ad,Agent_Auto_Prompt_204cc6ad
Wed Aug 19 14:22:36 IST 2026,Auto_Prompt_5e0b50a0,Agent_Auto_Prompt_5e0b50a0
Wed Aug 19 14:22:36 IST 2026,Auto_Prompt_e062b708,Agent_Auto_Prompt_e062b708
Wed Aug 19 14:22:36 IST 2026,Auto_Prompt_60550ccc,Agent_Auto_Prompt_60550ccc
Wed Aug 19 14:22:36 IST 2026,Auto_Prompt_7ee43409,Agent_Auto_Prompt_7ee43409
Wed Aug 19 14:22:36 IST 2026,Auto_Prompt_375751c2,Agent_Auto_Prompt_375751c2
Wed Aug 19 14:22:37 IST 2026,Auto_Prompt_a20f6b00,Agent_Auto_Prompt_a20f6b00
Wed Aug 19 14:22:37 IST 2026,Auto_Prompt_dd8ffb19,Agent_Auto_Prompt_dd8ffb19
Wed Aug 19 14:22:37 IST 2026,Auto_Prompt_d65fef7c,Agent_Auto_Prompt_d65fef7c
Wed Aug 19 14:22:37 IST 2026,Auto_Prompt_8222df4e,Agent_Auto_Prompt_8222df4e
Wed Aug 19 14:22:37 IST 2026,Auto_Prompt_6c016988,Agent_Auto_Prompt_6c016988
Wed Aug 19 14:22:37 IST 2026,Auto_Prompt_2f026fcc,Agent_Auto_Prompt_2f026fcc
Wed Aug 19 14:22:37 IST 2026,Auto_Prompt_9209a1c2,Agent_Auto_Prompt_9209a1c2
Wed Aug 19 14:22:38 IST 2026,Auto_Prompt_f3b5bb5b,Agent_Auto_Prompt_f3b5bb5b
Wed Aug 19 14:22:38 IST 2026,Auto_Prompt_e06c5517,Agent_Auto_Prompt_e06c5517
Wed Aug 19 14:22:38 IST 2026,Auto_Prompt_4cf3debe,Agent_Auto_Prompt_4cf3debe
Wed Aug 19 14:22:38 IST 2026,Auto_Prompt_119635b2,Agent_Auto_Prompt_119635b2
Wed Aug 19 14:22:38 IST 2026,Auto_Prompt_168495fd,Agent_Auto_Prompt_168495fd
Wed Aug 19 14:22:38 IST 2026,Auto_Prompt_5e6bec7d,Agent_Auto_Prompt_5e6bec7d
Wed Aug 19 14:22:38 IST 2026,Auto_Prompt_6167de93,Agent_Auto_Prompt_6167de93
Wed Aug 19 14:22:38 IST 2026,Auto_Prompt_828135b2,Agent_Auto_Prompt_828135b2
Wed Aug 19 14:22:38 IST 2026,Auto_Prompt_0bc11b32,Agent_Auto_Prompt_0bc11b32
Wed Aug 19 14:22:39 IST 2026,Auto_Prompt_6047964f,Agent_Auto_Prompt_6047964f
Wed Aug 19 14:22:39 IST 2026,Auto_Prompt_78cad89e,Agent_Auto_Prompt_78cad89e
Wed Aug 19 14:22:39 IST 2026,Auto_Prompt_d9cdfd6f,Agent_Auto_Prompt_d9cdfd6f
Wed Aug 19 14:22:39 IST 2026,Auto_Prompt_2dbf4423,Agent_Auto_Prompt_2dbf4423
Wed Aug 19 14:22:39 IST 2026,Auto_Prompt_ddb2cd16,Agent_Auto_Prompt_ddb2cd16
Wed Aug 19 14:22:39 IST 2026,Auto_Prompt_e9dde76d,Agent_Auto_Prompt_e9dde76d
Wed Aug 19 14:22:39 IST 2026,Auto_Prompt_3c57663e,Agent_Auto_Prompt_3c57663e
Wed Aug 19 14:22:40 IST 2026,Auto_Prompt_57c4351e,Agent_Auto_Prompt_57c4351e
Wed Aug 19 14:22:40 IST 2026,Auto_Prompt_32ebe3c2,Agent_Auto_Prompt_32ebe3c2
Wed Aug 19 14:22:40 IST 2026,Auto_Prompt_7d6f3f00,Agent_Auto_Prompt_7d6f3f00
Wed Aug 19 14:22:40 IST 2026,Auto_Prompt_f4166d93,Agent_Auto_Prompt_f4166d93
Wed Aug 19 14:22:40 IST 2026,Auto_Prompt_0fe20876,Agent_Auto_Prompt_0fe20876
Wed Aug 19 14:22:40 IST 2026,Auto_Prompt_aec2eb10,Agent_Auto_Prompt_aec2eb10
Wed Aug 19 14:22:40 IST 2026,Auto_Prompt_dc9aea38,Agent_Auto_Prompt_dc9aea38
Wed Aug 19 14:22:40 IST 2026,Auto_Prompt_28c793e8,Agent_Auto_Prompt_28c793e8
Wed Aug 19 14:22:41 IST 2026,Auto_Prompt_1101371c,Agent_Auto_Prompt_1101371c
Wed Aug 19 14:22:41 IST 2026,Auto_Prompt_7364c5b9,Agent_Auto_Prompt_7364c5b9
Wed Aug 19 14:22:41 IST 2026,Auto_Prompt_6381d696,Agent_Auto_Prompt_6381d696
Wed Aug 19 14:22:41 IST 2026,Auto_Prompt_85193986,Agent_Auto_Prompt_85193986
Wed Aug 19 14:22:41 IST 2026,Auto_Prompt_66668b5f,Agent_Auto_Prompt_66668b5f
Wed Aug 19 14:22:41 IST 2026,Auto_Prompt_988f737c,Agent_Auto_Prompt_988f737c
Wed Aug 19 14:22:41 IST 2026,Auto_Prompt_a28dbd26,Agent_Auto_Prompt_a28dbd26
Wed Aug 19 14:22:41 IST 2026,Auto_Prompt_9177aa27,Agent_Auto_Prompt_9177aa27
Wed Aug 19 14:22:41 IST 2026,Auto_Prompt_2bc8de00,Agent_Auto_Prompt_2bc8de00
Wed Aug 19 14:22:41 IST 2026,Auto_Prompt_b0fbc174,Agent_Auto_Prompt_b0fbc174
Wed Aug 19 14:22:42 IST 2026,Auto_Prompt_534998dd,Agent_Auto_Prompt_534998dd
Wed Aug 19 14:22:42 IST 2026,Auto_Prompt_328d31f9,Agent_Auto_Prompt_328d31f9
Wed Aug 19 14:22:42 IST 2026,Auto_Prompt_4ad80323,Agent_Auto_Prompt_4ad80323
Wed Aug 19 14:22:42 IST 2026,Auto_Prompt_1ba68e2d,Agent_Auto_Prompt_1ba68e2d
Wed Aug 19 14:22:42 IST 2026,Auto_Prompt_77ee8fea,Agent_Auto_Prompt_77ee8fea
Wed Aug 19 14:22:42 IST 2026,Auto_Prompt_2ea0cb23,Agent_Auto_Prompt_2ea0cb23
Wed Aug 19 14:22:42 IST 2026,Auto_Prompt_0a3bdb82,Agent_Auto_Prompt_0a3bdb82
Wed Aug 19 14:22:42 IST 2026,Auto_Prompt_b4ce627b,Agent_Auto_Prompt_b4ce627b
Wed Aug 19 14:22:43 IST 2026,Auto_Prompt_757e4ab6,Agent_Auto_Prompt_757e4ab6
Wed Aug 19 14:22:43 IST 2026,Auto_Prompt_44809aed,Agent_Auto_Prompt_44809aed
Wed Aug 19 14:22:43 IST 2026,Auto_Prompt_a5f3c51e,Agent_Auto_Prompt_a5f3c51e
Wed Aug 19 14:22:43 IST 2026,Auto_Prompt_83d5e9a7,Agent_Auto_Prompt_83d5e9a7
Wed Aug 19 14:22:43 IST 2026,Auto_Prompt_bba3ff81,Agent_Auto_Prompt_bba3ff81
Wed Aug 19 14:22:44 IST 2026,Auto_Prompt_e6401dd7,Agent_Auto_Prompt_e6401dd7
Wed Aug 19 14:22:44 IST 2026,Auto_Prompt_0e129a15,Agent_Auto_Prompt_0e129a15
Wed Aug 19 14:22:44 IST 2026,Auto_Prompt_cbfa9e96,Agent_Auto_Prompt_cbfa9e96
Wed Aug 19 14:22:44 IST 2026,Auto_Prompt_cc33c7b8,Agent_Auto_Prompt_cc33c7b8
Wed Aug 19 14:22:44 IST 2026,Auto_Prompt_af7afa97,Agent_Auto_Prompt_af7afa97
Wed Aug 19 14:22:44 IST 2026,Auto_Prompt_a0e89de9,Agent_Auto_Prompt_a0e89de9
Wed Aug 19 14:22:44 IST 2026,Auto_Prompt_4bd9e80a,Agent_Auto_Prompt_4bd9e80a
Wed Aug 19 14:22:44 IST 2026,Auto_Prompt_7b51b6ce,Agent_Auto_Prompt_7b51b6ce
Wed Aug 19 14:22:44 IST 2026,Auto_Prompt_dc1f745a,Agent_Auto_Prompt_dc1f745a
Wed Aug 19 14:22:45 IST 2026,Auto_Prompt_fefb45b2,Agent_Auto_Prompt_fefb45b2
Wed Aug 19 14:22:45 IST 2026,Auto_Prompt_7bfba384,Agent_Auto_Prompt_7bfba384
Wed Aug 19 14:22:45 IST 2026,Auto_Prompt_4b8f4438,Agent_Auto_Prompt_4b8f4438
Wed Aug 19 14:22:45 IST 2026,Auto_Prompt_48314f37,Agent_Auto_Prompt_48314f37
Wed Aug 19 14:22:45 IST 2026,Auto_Prompt_909f9ceb,Agent_Auto_Prompt_909f9ceb
Wed Aug 19 14:22:45 IST 2026,Auto_Prompt_a895f2b2,Agent_Auto_Prompt_a895f2b2
Wed Aug 19 14:22:45 IST 2026,Auto_Prompt_d010e59e,Agent_Auto_Prompt_d010e59e
Wed Aug 19 14:22:45 IST 2026,Auto_Prompt_606d9505,Agent_Auto_Prompt_606d9505
Wed Aug 19 14:22:46 IST 2026,Auto_Prompt_6cdd49cc,Agent_Auto_Prompt_6cdd49cc
Wed Aug 19 14:22:46 IST 2026,Auto_Prompt_d656fd97,Agent_Auto_Prompt_d656fd97
Wed Aug 19 14:22:46 IST 2026,Auto_Prompt_9a556d22,Agent_Auto_Prompt_9a556d22
Wed Aug 19 14:22:46 IST 2026,Auto_Prompt_bc169f39,Agent_Auto_Prompt_bc169f39
Wed Aug 19 14:22:46 IST 2026,Auto_Prompt_02840807,Agent_Auto_Prompt_02840807
Wed Aug 19 14:22:46 IST 2026,Auto_Prompt_3f36271e,Agent_Auto_Prompt_3f36271e
Wed Aug 19 14:22:46 IST 2026,Auto_Prompt_971bdb43,Agent_Auto_Prompt_971bdb43
Wed Aug 19 14:22:46 IST 2026,Auto_Prompt_68a6340d,Agent_Auto_Prompt_68a6340d
Wed Aug 19 14:22:46 IST 2026,Auto_Prompt_ddd6a0a4,Agent_Auto_Prompt_ddd6a0a4
Wed Aug 19 14:22:47 IST 2026,Auto_Prompt_4e0a0035,Agent_Auto_Prompt_4e0a0035
Wed Aug 19 14:22:47 IST 2026,Auto_Prompt_e351cc18,Agent_Auto_Prompt_e351cc18
Wed Aug 19 14:22:47 IST 2026,Auto_Prompt_7e896ab9,Agent_Auto_Prompt_7e896ab9
Wed Aug 19 14:22:47 IST 2026,Auto_Prompt_472c0bea,Agent_Auto_Prompt_472c0bea
Wed Aug 19 14:22:47 IST 2026,Auto_Prompt_5d47db8e,Agent_Auto_Prompt_5d47db8e
Wed Aug 19 14:22:47 IST 2026,Auto_Prompt_8860c097,Agent_Auto_Prompt_8860c097
Wed Aug 19 14:22:47 IST 2026,Auto_Prompt_3a427a25,Agent_Auto_Prompt_3a427a25
Wed Aug 19 14:22:48 IST 2026,Auto_Prompt_5ace5621,Agent_Auto_Prompt_5ace5621
Wed Aug 19 14:22:48 IST 2026,Auto_Prompt_c1f93a44,Agent_Auto_Prompt_c1f93a44
Wed Aug 19 14:22:48 IST 2026,Auto_Prompt_87d1f8a6,Agent_Auto_Prompt_87d1f8a6
Wed Aug 19 14:22:48 IST 2026,Auto_Prompt_6417d54a,Agent_Auto_Prompt_6417d54a
Wed Aug 19 14:22:48 IST 2026,Auto_Prompt_4ecff539,Agent_Auto_Prompt_4ecff539
Wed Aug 19 14:22:48 IST 2026,Auto_Prompt_b08ef7c0,Agent_Auto_Prompt_b08ef7c0
Wed Aug 19 14:22:49 IST 2026,Auto_Prompt_470e1258,Agent_Auto_Prompt_470e1258
Wed Aug 19 14:22:49 IST 2026,Auto_Prompt_4abc1756,Agent_Auto_Prompt_4abc1756
Wed Aug 19 14:22:49 IST 2026,Auto_Prompt_0eff9f10,Agent_Auto_Prompt_0eff9f10
Wed Aug 19 14:22:49 IST 2026,Auto_Prompt_94c36ebe,Agent_Auto_Prompt_94c36ebe
Wed Aug 19 14:22:49 IST 2026,Auto_Prompt_f8ba4a58,Agent_Auto_Prompt_f8ba4a58
Wed Aug 19 14:22:49 IST 2026,Auto_Prompt_b0f8e365,Agent_Auto_Prompt_b0f8e365
Wed Aug 19 14:22:49 IST 2026,Auto_Prompt_65000249,Agent_Auto_Prompt_65000249
Wed Aug 19 14:22:49 IST 2026,Auto_Prompt_a4d2a547,Agent_Auto_Prompt_a4d2a547
Wed Aug 19 14:22:50 IST 2026,Auto_Prompt_ab595e6c,Agent_Auto_Prompt_ab595e6c
Wed Aug 19 14:22:50 IST 2026,Auto_Prompt_69dc6fd1,Agent_Auto_Prompt_69dc6fd1
Wed Aug 19 14:22:50 IST 2026,Auto_Prompt_b2f4f4ce,Agent_Auto_Prompt_b2f4f4ce
Wed Aug 19 14:22:50 IST 2026,Auto_Prompt_ec8b4a12,Agent_Auto_Prompt_ec8b4a12
Wed Aug 19 14:22:50 IST 2026,Auto_Prompt_04d2d234,Agent_Auto_Prompt_04d2d234
Wed Aug 19 14:22:50 IST 2026,Auto_Prompt_a4676282,Agent_Auto_Prompt_a4676282
Wed Aug 19 14:22:50 IST 2026,Auto_Prompt_c23185d4,Agent_Auto_Prompt_c23185d4
Wed Aug 19 14:22:50 IST 2026,Auto_Prompt_b13cb7b0,Agent_Auto_Prompt_b13cb7b0
Wed Aug 19 14:22:50 IST 2026,Auto_Prompt_b0642181,Agent_Auto_Prompt_b0642181
Wed Aug 19 14:22:50 IST 2026,Auto_Prompt_32ea953d,Agent_Auto_Prompt_32ea953d
Wed Aug 19 14:22:51 IST 2026,Auto_Prompt_2e75d52f,Agent_Auto_Prompt_2e75d52f
Wed Aug 19 14:22:51 IST 2026,Auto_Prompt_44ca5531,Agent_Auto_Prompt_44ca5531
Wed Aug 19 14:22:51 IST 2026,Auto_Prompt_3f4567b7,Agent_Auto_Prompt_3f4567b7
Wed Aug 19 14:22:51 IST 2026,Auto_Prompt_47c69038,Agent_Auto_Prompt_47c69038
Wed Aug 19 14:22:51 IST 2026,Auto_Prompt_bc4f9295,Agent_Auto_Prompt_bc4f9295
Wed Aug 19 14:22:51 IST 2026,Auto_Prompt_c3422dbc,Agent_Auto_Prompt_c3422dbc
Wed Aug 19 14:22:51 IST 2026,Auto_Prompt_78fbc37f,Agent_Auto_Prompt_78fbc37f
Wed Aug 19 14:22:51 IST 2026,Auto_Prompt_86f34c8a,Agent_Auto_Prompt_86f34c8a
Wed Aug 19 14:22:51 IST 2026,Auto_Prompt_8f54378d,Agent_Auto_Prompt_8f54378d
Wed Aug 19 14:22:52 IST 2026,Auto_Prompt_6af57d75,Agent_Auto_Prompt_6af57d75
Wed Aug 19 14:22:52 IST 2026,Auto_Prompt_0ec6a016,Agent_Auto_Prompt_0ec6a016
Wed Aug 19 14:22:52 IST 2026,Auto_Prompt_3b3deacb,Agent_Auto_Prompt_3b3deacb
Wed Aug 19 14:22:52 IST 2026,Auto_Prompt_f5220a51,Agent_Auto_Prompt_f5220a51
Wed Aug 19 14:22:52 IST 2026,Auto_Prompt_9d427ad8,Agent_Auto_Prompt_9d427ad8
Wed Aug 19 14:22:52 IST 2026,Auto_Prompt_d7983f35,Agent_Auto_Prompt_d7983f35
Wed Aug 19 14:22:52 IST 2026,Auto_Prompt_f62ee06c,Agent_Auto_Prompt_f62ee06c
Wed Aug 19 14:22:53 IST 2026,Auto_Prompt_22c8f349,Agent_Auto_Prompt_22c8f349
Wed Aug 19 14:22:53 IST 2026,Auto_Prompt_e902e610,Agent_Auto_Prompt_e902e610
Wed Aug 19 14:22:53 IST 2026,Auto_Prompt_bfbcf87d,Agent_Auto_Prompt_bfbcf87d
Wed Aug 19 14:22:53 IST 2026,Auto_Prompt_51687072,Agent_Auto_Prompt_51687072
Wed Aug 19 14:22:53 IST 2026,Auto_Prompt_498810df,Agent_Auto_Prompt_498810df
Wed Aug 19 14:22:54 IST 2026,Auto_Prompt_b832614f,Agent_Auto_Prompt_b832614f
Wed Aug 19 14:22:54 IST 2026,Auto_Prompt_2a9820d4,Agent_Auto_Prompt_2a9820d4
Wed Aug 19 14:22:54 IST 2026,Auto_Prompt_0bf1780c,Agent_Auto_Prompt_0bf1780c
Wed Aug 19 14:22:54 IST 2026,Auto_Prompt_0d59b2b1,Agent_Auto_Prompt_0d59b2b1
Wed Aug 19 14:22:54 IST 2026,Auto_Prompt_ca01200e,Agent_Auto_Prompt_ca01200e
Wed Aug 19 14:22:54 IST 2026,Auto_Prompt_74c948cc,Agent_Auto_Prompt_74c948cc
Wed Aug 19 14:22:54 IST 2026,Auto_Prompt_172160bf,Agent_Auto_Prompt_172160bf
Wed Aug 19 14:22:54 IST 2026,Auto_Prompt_79a8c156,Agent_Auto_Prompt_79a8c156
Wed Aug 19 14:22:54 IST 2026,Auto_Prompt_a6761195,Agent_Auto_Prompt_a6761195
Wed Aug 19 14:22:55 IST 2026,Auto_Prompt_9b4ccaef,Agent_Auto_Prompt_9b4ccaef
Wed Aug 19 14:22:55 IST 2026,Auto_Prompt_c6ed0f31,Agent_Auto_Prompt_c6ed0f31
Wed Aug 19 14:22:55 IST 2026,Auto_Prompt_3e1189aa,Agent_Auto_Prompt_3e1189aa
Wed Aug 19 14:22:55 IST 2026,Auto_Prompt_3fcc8940,Agent_Auto_Prompt_3fcc8940
Wed Aug 19 14:22:55 IST 2026,Auto_Prompt_ee108795,Agent_Auto_Prompt_ee108795
Wed Aug 19 14:22:55 IST 2026,Auto_Prompt_2d860187,Agent_Auto_Prompt_2d860187
Wed Aug 19 14:22:55 IST 2026,Auto_Prompt_8adc52b4,Agent_Auto_Prompt_8adc52b4
Wed Aug 19 14:22:55 IST 2026,Auto_Prompt_c88feab2,Agent_Auto_Prompt_c88feab2
Wed Aug 19 14:22:55 IST 2026,Auto_Prompt_1ca1452b,Agent_Auto_Prompt_1ca1452b
Wed Aug 19 14:22:55 IST 2026,Auto_Prompt_1357e80e,Agent_Auto_Prompt_1357e80e
Wed Aug 19 14:22:56 IST 2026,Auto_Prompt_efcecfb3,Agent_Auto_Prompt_efcecfb3
Wed Aug 19 14:22:56 IST 2026,Auto_Prompt_03671204,Agent_Auto_Prompt_03671204
Wed Aug 19 14:22:56 IST 2026,Auto_Prompt_4b8afe6f,Agent_Auto_Prompt_4b8afe6f
Wed Aug 19 14:22:56 IST 2026,Auto_Prompt_770830d4,Agent_Auto_Prompt_770830d4
Wed Aug 19 14:22:56 IST 2026,Auto_Prompt_2b1f9e66,Agent_Auto_Prompt_2b1f9e66
Wed Aug 19 14:22:56 IST 2026,Auto_Prompt_d9f33277,Agent_Auto_Prompt_d9f33277
Wed Aug 19 14:22:56 IST 2026,Auto_Prompt_c86e2134,Agent_Auto_Prompt_c86e2134
Wed Aug 19 14:22:56 IST 2026,Auto_Prompt_f979a423,Agent_Auto_Prompt_f979a423
Wed Aug 19 14:22:56 IST 2026,Auto_Prompt_b31319e2,Agent_Auto_Prompt_b31319e2
Wed Aug 19 14:22:57 IST 2026,Auto_Prompt_916dc26e,Agent_Auto_Prompt_916dc26e
Wed Aug 19 14:22:57 IST 2026,Auto_Prompt_e0681a5c,Agent_Auto_Prompt_e0681a5c
Wed Aug 19 14:22:57 IST 2026,Auto_Prompt_6101ddd8,Agent_Auto_Prompt_6101ddd8
Wed Aug 19 14:22:57 IST 2026,Auto_Prompt_c79da460,Agent_Auto_Prompt_c79da460
Wed Aug 19 14:22:57 IST 2026,Auto_Prompt_58408911,Agent_Auto_Prompt_58408911
Wed Aug 19 14:22:58 IST 2026,Auto_Prompt_dcb24b4a,Agent_Auto_Prompt_dcb24b4a
Wed Aug 19 14:22:58 IST 2026,Auto_Prompt_eb248583,Agent_Auto_Prompt_eb248583
Wed Aug 19 14:22:58 IST 2026,Auto_Prompt_c7c64264,Agent_Auto_Prompt_c7c64264
Wed Aug 19 14:22:58 IST 2026,Auto_Prompt_3d9fbf53,Agent_Auto_Prompt_3d9fbf53
Wed Aug 19 14:22:58 IST 2026,Auto_Prompt_32166d5f,Agent_Auto_Prompt_32166d5f
Wed Aug 19 14:22:58 IST 2026,Auto_Prompt_ba5d54d6,Agent_Auto_Prompt_ba5d54d6
Wed Aug 19 14:22:58 IST 2026,Auto_Prompt_b9dc6fbe,Agent_Auto_Prompt_b9dc6fbe
Wed Aug 19 14:22:58 IST 2026,Auto_Prompt_4b6c60ba,Agent_Auto_Prompt_4b6c60ba
Wed Aug 19 14:22:59 IST 2026,Auto_Prompt_df499256,Agent_Auto_Prompt_df499256
Wed Aug 19 14:22:59 IST 2026,Auto_Prompt_aedf92a2,Agent_Auto_Prompt_aedf92a2
Wed Aug 19 14:22:59 IST 2026,Auto_Prompt_1955395d,Agent_Auto_Prompt_1955395d
Wed Aug 19 14:22:59 IST 2026,Auto_Prompt_1c53112b,Agent_Auto_Prompt_1c53112b
Wed Aug 19 14:22:59 IST 2026,Auto_Prompt_5bfbd6e8,Agent_Auto_Prompt_5bfbd6e8
Wed Aug 19 14:22:59 IST 2026,Auto_Prompt_109bfd88,Agent_Auto_Prompt_109bfd88
Wed Aug 19 14:22:59 IST 2026,Auto_Prompt_f39085c6,Agent_Auto_Prompt_f39085c6
Wed Aug 19 14:22:59 IST 2026,Auto_Prompt_6a671eae,Agent_Auto_Prompt_6a671eae
Wed Aug 19 14:23:00 IST 2026,Auto_Prompt_9744266f,Agent_Auto_Prompt_9744266f
Wed Aug 19 14:23:00 IST 2026,Auto_Prompt_02c26bb6,Agent_Auto_Prompt_02c26bb6
Wed Aug 19 14:23:00 IST 2026,Auto_Prompt_ac474aaf,Agent_Auto_Prompt_ac474aaf
Wed Aug 19 14:23:00 IST 2026,Auto_Prompt_94216b73,Agent_Auto_Prompt_94216b73
Wed Aug 19 14:23:00 IST 2026,Auto_Prompt_2033d1a4,Agent_Auto_Prompt_2033d1a4
Wed Aug 19 14:23:00 IST 2026,Auto_Prompt_80071683,Agent_Auto_Prompt_80071683
Wed Aug 19 14:23:00 IST 2026,Auto_Prompt_55ef84dd,Agent_Auto_Prompt_55ef84dd
Wed Aug 19 14:23:00 IST 2026,Auto_Prompt_f7f76688,Agent_Auto_Prompt_f7f76688
Wed Aug 19 14:23:00 IST 2026,Auto_Prompt_79faed06,Agent_Auto_Prompt_79faed06
Wed Aug 19 14:23:00 IST 2026,Auto_Prompt_6a534bd9,Agent_Auto_Prompt_6a534bd9
Wed Aug 19 14:23:01 IST 2026,Auto_Prompt_f8c8e816,Agent_Auto_Prompt_f8c8e816
Wed Aug 19 14:23:01 IST 2026,Auto_Prompt_e7bd1461,Agent_Auto_Prompt_e7bd1461
Wed Aug 19 14:23:01 IST 2026,Auto_Prompt_ec90d719,Agent_Auto_Prompt_ec90d719
Wed Aug 19 14:23:01 IST 2026,Auto_Prompt_f32ae0a5,Agent_Auto_Prompt_f32ae0a5
Wed Aug 19 14:23:01 IST 2026,Auto_Prompt_ddaf905d,Agent_Auto_Prompt_ddaf905d
Wed Aug 19 14:23:01 IST 2026,Auto_Prompt_853174ae,Agent_Auto_Prompt_853174ae
Wed Aug 19 14:23:01 IST 2026,Auto_Prompt_cf47bb2d,Agent_Auto_Prompt_cf47bb2d
Wed Aug 19 14:23:01 IST 2026,Auto_Prompt_37cb1035,Agent_Auto_Prompt_37cb1035
Wed Aug 19 14:23:01 IST 2026,Auto_Prompt_6e1ace90,Agent_Auto_Prompt_6e1ace90
Wed Aug 19 14:23:01 IST 2026,Auto_Prompt_496b3c4c,Agent_Auto_Prompt_496b3c4c
Wed Aug 19 14:23:02 IST 2026,Auto_Prompt_3a66b114,Agent_Auto_Prompt_3a66b114
Wed Aug 19 14:23:02 IST 2026,Auto_Prompt_a728b021,Agent_Auto_Prompt_a728b021
Wed Aug 19 14:23:02 IST 2026,Auto_Prompt_2d193b08,Agent_Auto_Prompt_2d193b08
Wed Aug 19 14:23:02 IST 2026,Auto_Prompt_cb4c89e0,Agent_Auto_Prompt_cb4c89e0
Wed Aug 19 14:23:02 IST 2026,Auto_Prompt_7dca1eb5,Agent_Auto_Prompt_7dca1eb5
Wed Aug 19 14:23:03 IST 2026,Auto_Prompt_f7fbd7bc,Agent_Auto_Prompt_f7fbd7bc
Wed Aug 19 14:23:03 IST 2026,Auto_Prompt_e03a9230,Agent_Auto_Prompt_e03a9230
Wed Aug 19 14:23:03 IST 2026,Auto_Prompt_346f0bfe,Agent_Auto_Prompt_346f0bfe
Wed Aug 19 14:23:03 IST 2026,Auto_Prompt_943647b3,Agent_Auto_Prompt_943647b3
Wed Aug 19 14:23:03 IST 2026,Auto_Prompt_f8cf5796,Agent_Auto_Prompt_f8cf5796
Wed Aug 19 14:23:03 IST 2026,Auto_Prompt_b468f9f3,Agent_Auto_Prompt_b468f9f3
Wed Aug 19 14:23:03 IST 2026,Auto_Prompt_4e16a4e1,Agent_Auto_Prompt_4e16a4e1
Wed Aug 19 14:23:03 IST 2026,Auto_Prompt_7c56d235,Agent_Auto_Prompt_7c56d235
Wed Aug 19 14:23:03 IST 2026,Auto_Prompt_a4b42df4,Agent_Auto_Prompt_a4b42df4
Wed Aug 19 14:23:04 IST 2026,Auto_Prompt_5ff014bd,Agent_Auto_Prompt_5ff014bd
Wed Aug 19 14:23:04 IST 2026,Auto_Prompt_287a8f67,Agent_Auto_Prompt_287a8f67
Wed Aug 19 14:23:04 IST 2026,Auto_Prompt_8055c150,Agent_Auto_Prompt_8055c150
Wed Aug 19 14:23:04 IST 2026,Auto_Prompt_c3470b52,Agent_Auto_Prompt_c3470b52
Wed Aug 19 14:23:04 IST 2026,Auto_Prompt_982c1f7e,Agent_Auto_Prompt_982c1f7e
Wed Aug 19 14:23:04 IST 2026,Auto_Prompt_3019f834,Agent_Auto_Prompt_3019f834
Wed Aug 19 14:23:04 IST 2026,Auto_Prompt_d9846c8e,Agent_Auto_Prompt_d9846c8e
Wed Aug 19 14:23:04 IST 2026,Auto_Prompt_be1fabfd,Agent_Auto_Prompt_be1fabfd
Wed Aug 19 14:23:05 IST 2026,Auto_Prompt_53750193,Agent_Auto_Prompt_53750193
Wed Aug 19 14:23:05 IST 2026,Auto_Prompt_78697705,Agent_Auto_Prompt_78697705
Wed Aug 19 14:23:05 IST 2026,Auto_Prompt_c3da9c23,Agent_Auto_Prompt_c3da9c23
Wed Aug 19 14:23:05 IST 2026,Auto_Prompt_fb0cfaca,Agent_Auto_Prompt_fb0cfaca
Wed Aug 19 14:23:05 IST 2026,Auto_Prompt_47de477b,Agent_Auto_Prompt_47de477b
Wed Aug 19 14:23:05 IST 2026,Auto_Prompt_54c221eb,Agent_Auto_Prompt_54c221eb
Wed Aug 19 14:23:05 IST 2026,Auto_Prompt_4d7c0474,Agent_Auto_Prompt_4d7c0474
Wed Aug 19 14:23:05 IST 2026,Auto_Prompt_58cdde0d,Agent_Auto_Prompt_58cdde0d
Wed Aug 19 14:23:06 IST 2026,Auto_Prompt_e41d5c94,Agent_Auto_Prompt_e41d5c94
Wed Aug 19 14:23:06 IST 2026,Auto_Prompt_2fafc842,Agent_Auto_Prompt_2fafc842
Wed Aug 19 14:23:06 IST 2026,Auto_Prompt_6ad3071e,Agent_Auto_Prompt_6ad3071e
Wed Aug 19 14:23:06 IST 2026,Auto_Prompt_4b1c5d14,Agent_Auto_Prompt_4b1c5d14
Wed Aug 19 14:23:06 IST 2026,Auto_Prompt_4124a6ba,Agent_Auto_Prompt_4124a6ba
Wed Aug 19 14:23:06 IST 2026,Auto_Prompt_cb336997,Agent_Auto_Prompt_cb336997
Wed Aug 19 14:23:06 IST 2026,Auto_Prompt_66e85836,Agent_Auto_Prompt_66e85836
Wed Aug 19 14:23:06 IST 2026,Auto_Prompt_d28551fa,Agent_Auto_Prompt_d28551fa
Wed Aug 19 14:23:06 IST 2026,Auto_Prompt_ccf42f96,Agent_Auto_Prompt_ccf42f96
Wed Aug 19 14:23:06 IST 2026,Auto_Prompt_ec0f2d24,Agent_Auto_Prompt_ec0f2d24
Wed Aug 19 14:23:07 IST 2026,Auto_Prompt_87c7bf16,Agent_Auto_Prompt_87c7bf16
Wed Aug 19 14:23:07 IST 2026,Auto_Prompt_1c823e08,Agent_Auto_Prompt_1c823e08
Wed Aug 19 14:23:07 IST 2026,Auto_Prompt_d7e3233d,Agent_Auto_Prompt_d7e3233d
Wed Aug 19 14:23:07 IST 2026,Auto_Prompt_be965e54,Agent_Auto_Prompt_be965e54
Wed Aug 19 14:23:07 IST 2026,Auto_Prompt_dd375c5b,Agent_Auto_Prompt_dd375c5b
Wed Aug 19 14:23:07 IST 2026,Auto_Prompt_050c7647,Agent_Auto_Prompt_050c7647
Wed Aug 19 14:23:08 IST 2026,Auto_Prompt_1e8ce268,Agent_Auto_Prompt_1e8ce268
Wed Aug 19 14:23:08 IST 2026,Auto_Prompt_2b742a5d,Agent_Auto_Prompt_2b742a5d
Wed Aug 19 14:23:08 IST 2026,Auto_Prompt_f12dd8a0,Agent_Auto_Prompt_f12dd8a0
Wed Aug 19 14:23:08 IST 2026,Auto_Prompt_d2b9e897,Agent_Auto_Prompt_d2b9e897
Wed Aug 19 14:23:08 IST 2026,Auto_Prompt_49340b85,Agent_Auto_Prompt_49340b85
Wed Aug 19 14:23:08 IST 2026,Auto_Prompt_133732b2,Agent_Auto_Prompt_133732b2
Wed Aug 19 14:23:08 IST 2026,Auto_Prompt_e8507dc3,Agent_Auto_Prompt_e8507dc3
Wed Aug 19 14:23:08 IST 2026,Auto_Prompt_33dec800,Agent_Auto_Prompt_33dec800
Wed Aug 19 14:23:09 IST 2026,Auto_Prompt_56b778f4,Agent_Auto_Prompt_56b778f4
Wed Aug 19 14:23:09 IST 2026,Auto_Prompt_8337ba2c,Agent_Auto_Prompt_8337ba2c
Wed Aug 19 14:23:09 IST 2026,Auto_Prompt_64bf811f,Agent_Auto_Prompt_64bf811f
Wed Aug 19 14:23:09 IST 2026,Auto_Prompt_15a8a286,Agent_Auto_Prompt_15a8a286
Wed Aug 19 14:23:09 IST 2026,Auto_Prompt_4566366f,Agent_Auto_Prompt_4566366f
Wed Aug 19 14:23:09 IST 2026,Auto_Prompt_42d8e9da,Agent_Auto_Prompt_42d8e9da
Wed Aug 19 14:23:10 IST 2026,Auto_Prompt_036938b4,Agent_Auto_Prompt_036938b4
Wed Aug 19 14:23:10 IST 2026,Auto_Prompt_6212f09f,Agent_Auto_Prompt_6212f09f
Wed Aug 19 14:23:10 IST 2026,Auto_Prompt_8de8270a,Agent_Auto_Prompt_8de8270a
Wed Aug 19 14:23:10 IST 2026,Auto_Prompt_9382d87c,Agent_Auto_Prompt_9382d87c
Wed Aug 19 14:23:10 IST 2026,Auto_Prompt_c52efb88,Agent_Auto_Prompt_c52efb88
Wed Aug 19 14:23:10 IST 2026,Auto_Prompt_3644469c,Agent_Auto_Prompt_3644469c
Wed Aug 19 14:23:10 IST 2026,Auto_Prompt_8f33d126,Agent_Auto_Prompt_8f33d126
Wed Aug 19 14:23:10 IST 2026,Auto_Prompt_07f48fba,Agent_Auto_Prompt_07f48fba
Wed Aug 19 14:23:10 IST 2026,Auto_Prompt_49a2c6f4,Agent_Auto_Prompt_49a2c6f4
Wed Aug 19 14:23:10 IST 2026,Auto_Prompt_7770daad,Agent_Auto_Prompt_7770daad
Wed Aug 19 14:23:11 IST 2026,Auto_Prompt_8573cad4,Agent_Auto_Prompt_8573cad4
Wed Aug 19 14:23:11 IST 2026,Auto_Prompt_ef451406,Agent_Auto_Prompt_ef451406
Wed Aug 19 14:23:11 IST 2026,Auto_Prompt_dc07e7bc,Agent_Auto_Prompt_dc07e7bc
Wed Aug 19 14:23:11 IST 2026,Auto_Prompt_1a5b7609,Agent_Auto_Prompt_1a5b7609
Wed Aug 19 14:23:11 IST 2026,Auto_Prompt_465720ca,Agent_Auto_Prompt_465720ca
Wed Aug 19 14:23:11 IST 2026,Auto_Prompt_5e6a5a5f,Agent_Auto_Prompt_5e6a5a5f
Wed Aug 19 14:23:11 IST 2026,Auto_Prompt_d5944d1a,Agent_Auto_Prompt_d5944d1a
Wed Aug 19 14:23:11 IST 2026,Auto_Prompt_307d3d85,Agent_Auto_Prompt_307d3d85
Wed Aug 19 14:23:11 IST 2026,Auto_Prompt_c2623a85,Agent_Auto_Prompt_c2623a85
Wed Aug 19 14:23:11 IST 2026,Auto_Prompt_d6db84af,Agent_Auto_Prompt_d6db84af
Wed Aug 19 14:23:12 IST 2026,Auto_Prompt_cb51dbdd,Agent_Auto_Prompt_cb51dbdd
Wed Aug 19 14:23:12 IST 2026,Auto_Prompt_0b542f86,Agent_Auto_Prompt_0b542f86
Wed Aug 19 14:23:12 IST 2026,Auto_Prompt_a5acb9f1,Agent_Auto_Prompt_a5acb9f1
Wed Aug 19 14:23:12 IST 2026,Auto_Prompt_fbc03c4c,Agent_Auto_Prompt_fbc03c4c
Wed Aug 19 14:23:12 IST 2026,Auto_Prompt_72d4e1da,Agent_Auto_Prompt_72d4e1da
Wed Aug 19 14:23:13 IST 2026,Auto_Prompt_59dac88c,Agent_Auto_Prompt_59dac88c
Wed Aug 19 14:23:13 IST 2026,Auto_Prompt_f47b4595,Agent_Auto_Prompt_f47b4595
Wed Aug 19 14:23:13 IST 2026,Auto_Prompt_14d979de,Agent_Auto_Prompt_14d979de
Wed Aug 19 14:23:13 IST 2026,Auto_Prompt_34e72223,Agent_Auto_Prompt_34e72223
Wed Aug 19 14:23:13 IST 2026,Auto_Prompt_20cb1e2e,Agent_Auto_Prompt_20cb1e2e
Wed Aug 19 14:23:13 IST 2026,Auto_Prompt_98ff63c0,Agent_Auto_Prompt_98ff63c0
Wed Aug 19 14:23:13 IST 2026,Auto_Prompt_e58429d8,Agent_Auto_Prompt_e58429d8
Wed Aug 19 14:23:13 IST 2026,Auto_Prompt_1fb68a0d,Agent_Auto_Prompt_1fb68a0d
Wed Aug 19 14:23:14 IST 2026,Auto_Prompt_c3d90d73,Agent_Auto_Prompt_c3d90d73
Wed Aug 19 14:23:14 IST 2026,Auto_Prompt_aca88471,Agent_Auto_Prompt_aca88471
Wed Aug 19 14:23:14 IST 2026,Auto_Prompt_6eadaf31,Agent_Auto_Prompt_6eadaf31
Wed Aug 19 14:23:14 IST 2026,Auto_Prompt_bcd7b8cf,Agent_Auto_Prompt_bcd7b8cf
Wed Aug 19 14:23:14 IST 2026,Auto_Prompt_164f204b,Agent_Auto_Prompt_164f204b
Wed Aug 19 14:23:14 IST 2026,Auto_Prompt_db411e1e,Agent_Auto_Prompt_db411e1e
Wed Aug 19 14:23:14 IST 2026,Auto_Prompt_011293b8,Agent_Auto_Prompt_011293b8
Wed Aug 19 14:23:14 IST 2026,Auto_Prompt_334b5d77,Agent_Auto_Prompt_334b5d77
Wed Aug 19 14:23:15 IST 2026,Auto_Prompt_89d974ba,Agent_Auto_Prompt_89d974ba
Wed Aug 19 14:23:15 IST 2026,Auto_Prompt_a52ed83b,Agent_Auto_Prompt_a52ed83b
Wed Aug 19 14:23:15 IST 2026,Auto_Prompt_a382e42c,Agent_Auto_Prompt_a382e42c
Wed Aug 19 14:23:15 IST 2026,Auto_Prompt_cee5189f,Agent_Auto_Prompt_cee5189f
Wed Aug 19 14:23:15 IST 2026,Auto_Prompt_0e7b9551,Agent_Auto_Prompt_0e7b9551
Wed Aug 19 14:23:15 IST 2026,Auto_Prompt_3b31bbe3,Agent_Auto_Prompt_3b31bbe3
Wed Aug 19 14:23:15 IST 2026,Auto_Prompt_2283b8d1,Agent_Auto_Prompt_2283b8d1
Wed Aug 19 14:23:15 IST 2026,Auto_Prompt_0c050e6a,Agent_Auto_Prompt_0c050e6a
Wed Aug 19 14:23:15 IST 2026,Auto_Prompt_6f0ad6fb,Agent_Auto_Prompt_6f0ad6fb
Wed Aug 19 14:23:16 IST 2026,Auto_Prompt_2e5e3504,Agent_Auto_Prompt_2e5e3504
Wed Aug 19 14:23:16 IST 2026,Auto_Prompt_4ad13077,Agent_Auto_Prompt_4ad13077
Wed Aug 19 14:23:16 IST 2026,Auto_Prompt_dd31fd35,Agent_Auto_Prompt_dd31fd35
Wed Aug 19 14:23:16 IST 2026,Auto_Prompt_c7d3579e,Agent_Auto_Prompt_c7d3579e
Wed Aug 19 14:23:16 IST 2026,Auto_Prompt_a4aa3ce9,Agent_Auto_Prompt_a4aa3ce9
Wed Aug 19 14:23:16 IST 2026,Auto_Prompt_a402e137,Agent_Auto_Prompt_a402e137
Wed Aug 19 14:23:16 IST 2026,Auto_Prompt_be21bfe5,Agent_Auto_Prompt_be21bfe5
Wed Aug 19 14:23:16 IST 2026,Auto_Prompt_9395c70b,Agent_Auto_Prompt_9395c70b
Wed Aug 19 14:23:16 IST 2026,Auto_Prompt_ec06e7cb,Agent_Auto_Prompt_ec06e7cb
Wed Aug 19 14:23:16 IST 2026,Auto_Prompt_4e3e515e,Agent_Auto_Prompt_4e3e515e
Wed Aug 19 14:23:17 IST 2026,Auto_Prompt_30185db6,Agent_Auto_Prompt_30185db6
Wed Aug 19 14:23:17 IST 2026,Auto_Prompt_b8962100,Agent_Auto_Prompt_b8962100
Wed Aug 19 14:23:17 IST 2026,Auto_Prompt_f85d66aa,Agent_Auto_Prompt_f85d66aa
Wed Aug 19 14:23:17 IST 2026,Auto_Prompt_010e0411,Agent_Auto_Prompt_010e0411
Wed Aug 19 14:23:17 IST 2026,Auto_Prompt_5518068d,Agent_Auto_Prompt_5518068d
Wed Aug 19 14:23:18 IST 2026,Auto_Prompt_35575d6f,Agent_Auto_Prompt_35575d6f
Wed Aug 19 14:23:18 IST 2026,Auto_Prompt_8aa63b7b,Agent_Auto_Prompt_8aa63b7b
Wed Aug 19 14:23:18 IST 2026,Auto_Prompt_aafc5a5b,Agent_Auto_Prompt_aafc5a5b
Wed Aug 19 14:23:18 IST 2026,Auto_Prompt_0c72ae6a,Agent_Auto_Prompt_0c72ae6a
Wed Aug 19 14:23:18 IST 2026,Auto_Prompt_0743e21c,Agent_Auto_Prompt_0743e21c
Wed Aug 19 14:23:18 IST 2026,Auto_Prompt_15b8dd77,Agent_Auto_Prompt_15b8dd77
Wed Aug 19 14:23:18 IST 2026,Auto_Prompt_d62f4b63,Agent_Auto_Prompt_d62f4b63
Wed Aug 19 14:23:18 IST 2026,Auto_Prompt_b8dc00c2,Agent_Auto_Prompt_b8dc00c2
Wed Aug 19 14:23:18 IST 2026,Auto_Prompt_35b88418,Agent_Auto_Prompt_35b88418
Wed Aug 19 14:23:19 IST 2026,Auto_Prompt_8bfc1958,Agent_Auto_Prompt_8bfc1958
Wed Aug 19 14:23:19 IST 2026,Auto_Prompt_a9d6c83e,Agent_Auto_Prompt_a9d6c83e
Wed Aug 19 14:23:19 IST 2026,Auto_Prompt_7d171864,Agent_Auto_Prompt_7d171864
Wed Aug 19 14:23:19 IST 2026,Auto_Prompt_57f431a3,Agent_Auto_Prompt_57f431a3
Wed Aug 19 14:23:19 IST 2026,Auto_Prompt_453075f0,Agent_Auto_Prompt_453075f0
Wed Aug 19 14:23:19 IST 2026,Auto_Prompt_4a7579f9,Agent_Auto_Prompt_4a7579f9
Wed Aug 19 14:23:20 IST 2026,Auto_Prompt_87855643,Agent_Auto_Prompt_87855643
Wed Aug 19 14:23:20 IST 2026,Auto_Prompt_49e7d248,Agent_Auto_Prompt_49e7d248
Wed Aug 19 14:23:20 IST 2026,Auto_Prompt_0f22ccb1,Agent_Auto_Prompt_0f22ccb1
Wed Aug 19 14:23:20 IST 2026,Auto_Prompt_5fe7da8f,Agent_Auto_Prompt_5fe7da8f
Wed Aug 19 14:23:20 IST 2026,Auto_Prompt_1a05081c,Agent_Auto_Prompt_1a05081c
Wed Aug 19 14:23:20 IST 2026,Auto_Prompt_432b18ad,Agent_Auto_Prompt_432b18ad
Wed Aug 19 14:23:20 IST 2026,Auto_Prompt_d2bae2da,Agent_Auto_Prompt_d2bae2da
Wed Aug 19 14:23:20 IST 2026,Auto_Prompt_e622d85f,Agent_Auto_Prompt_e622d85f
Wed Aug 19 14:23:20 IST 2026,Auto_Prompt_b8a8d5d9,Agent_Auto_Prompt_b8a8d5d9
Wed Aug 19 14:23:20 IST 2026,Auto_Prompt_9aa5562f,Agent_Auto_Prompt_9aa5562f
Wed Aug 19 14:23:21 IST 2026,Auto_Prompt_a7ac76a9,Agent_Auto_Prompt_a7ac76a9
Wed Aug 19 14:23:21 IST 2026,Auto_Prompt_ae6ad127,Agent_Auto_Prompt_ae6ad127
Wed Aug 19 14:23:21 IST 2026,Auto_Prompt_bb3d0a66,Agent_Auto_Prompt_bb3d0a66
Wed Aug 19 14:23:21 IST 2026,Auto_Prompt_fa8dc101,Agent_Auto_Prompt_fa8dc101
Wed Aug 19 14:23:21 IST 2026,Auto_Prompt_212658b5,Agent_Auto_Prompt_212658b5
Wed Aug 19 14:23:21 IST 2026,Auto_Prompt_75898bd7,Agent_Auto_Prompt_75898bd7
Wed Aug 19 14:23:21 IST 2026,Auto_Prompt_0b99366c,Agent_Auto_Prompt_0b99366c
Wed Aug 19 14:23:21 IST 2026,Auto_Prompt_6c26dac6,Agent_Auto_Prompt_6c26dac6
Wed Aug 19 14:23:22 IST 2026,Auto_Prompt_6cd851d0,Agent_Auto_Prompt_6cd851d0
Wed Aug 19 14:23:22 IST 2026,Auto_Prompt_a1be0736,Agent_Auto_Prompt_a1be0736
Wed Aug 19 14:23:22 IST 2026,Auto_Prompt_b2ad8846,Agent_Auto_Prompt_b2ad8846
Wed Aug 19 14:23:22 IST 2026,Auto_Prompt_22dd1dd6,Agent_Auto_Prompt_22dd1dd6
Wed Aug 19 14:23:22 IST 2026,Auto_Prompt_ea8da6ab,Agent_Auto_Prompt_ea8da6ab
Wed Aug 19 14:23:22 IST 2026,Auto_Prompt_b57ae930,Agent_Auto_Prompt_b57ae930
Wed Aug 19 14:23:22 IST 2026,Auto_Prompt_52de0732,Agent_Auto_Prompt_52de0732
Wed Aug 19 14:23:23 IST 2026,Auto_Prompt_9404dc18,Agent_Auto_Prompt_9404dc18
Wed Aug 19 14:23:23 IST 2026,Auto_Prompt_2389ddd7,Agent_Auto_Prompt_2389ddd7
Wed Aug 19 14:23:23 IST 2026,Auto_Prompt_63619dfd,Agent_Auto_Prompt_63619dfd
Wed Aug 19 14:23:23 IST 2026,Auto_Prompt_2574ceee,Agent_Auto_Prompt_2574ceee
Wed Aug 19 14:23:23 IST 2026,Auto_Prompt_82db22b0,Agent_Auto_Prompt_82db22b0
Wed Aug 19 14:23:23 IST 2026,Auto_Prompt_039be945,Agent_Auto_Prompt_039be945
Wed Aug 19 14:23:23 IST 2026,Auto_Prompt_5f8ecf93,Agent_Auto_Prompt_5f8ecf93
Wed Aug 19 14:23:23 IST 2026,Auto_Prompt_6f2a8bd1,Agent_Auto_Prompt_6f2a8bd1
Wed Aug 19 14:23:23 IST 2026,Auto_Prompt_5efea4ba,Agent_Auto_Prompt_5efea4ba
Wed Aug 19 14:23:24 IST 2026,Auto_Prompt_39427ad5,Agent_Auto_Prompt_39427ad5
Wed Aug 19 14:23:24 IST 2026,Auto_Prompt_21f4ebce,Agent_Auto_Prompt_21f4ebce
Wed Aug 19 14:23:24 IST 2026,Auto_Prompt_c894b446,Agent_Auto_Prompt_c894b446
Wed Aug 19 14:23:24 IST 2026,Auto_Prompt_b3969595,Agent_Auto_Prompt_b3969595
Wed Aug 19 14:23:24 IST 2026,Auto_Prompt_f2c202e8,Agent_Auto_Prompt_f2c202e8
Wed Aug 19 14:23:24 IST 2026,Auto_Prompt_665f1fef,Agent_Auto_Prompt_665f1fef
Wed Aug 19 14:23:24 IST 2026,Auto_Prompt_bda73b8a,Agent_Auto_Prompt_bda73b8a
Wed Aug 19 14:23:24 IST 2026,Auto_Prompt_ad1f204c,Agent_Auto_Prompt_ad1f204c
Wed Aug 19 14:23:25 IST 2026,Auto_Prompt_2e46aa41,Agent_Auto_Prompt_2e46aa41
Wed Aug 19 14:23:25 IST 2026,Auto_Prompt_b1689836,Agent_Auto_Prompt_b1689836
Wed Aug 19 14:23:25 IST 2026,Auto_Prompt_7064ecfc,Agent_Auto_Prompt_7064ecfc
Wed Aug 19 14:23:25 IST 2026,Auto_Prompt_5a2f1e7d,Agent_Auto_Prompt_5a2f1e7d
Wed Aug 19 14:23:25 IST 2026,Auto_Prompt_d2e4d6bf,Agent_Auto_Prompt_d2e4d6bf
Wed Aug 19 14:23:25 IST 2026,Auto_Prompt_6cf89680,Agent_Auto_Prompt_6cf89680
Wed Aug 19 14:23:25 IST 2026,Auto_Prompt_0fa747ed,Agent_Auto_Prompt_0fa747ed
Wed Aug 19 14:23:25 IST 2026,Auto_Prompt_131de013,Agent_Auto_Prompt_131de013
Wed Aug 19 14:23:26 IST 2026,Auto_Prompt_c6f16278,Agent_Auto_Prompt_c6f16278
Wed Aug 19 14:23:26 IST 2026,Auto_Prompt_b9a63c59,Agent_Auto_Prompt_b9a63c59
Wed Aug 19 14:23:26 IST 2026,Auto_Prompt_84e35f1e,Agent_Auto_Prompt_84e35f1e
Wed Aug 19 14:23:26 IST 2026,Auto_Prompt_00e67b31,Agent_Auto_Prompt_00e67b31
Wed Aug 19 14:23:26 IST 2026,Auto_Prompt_bc9ab35d,Agent_Auto_Prompt_bc9ab35d
Wed Aug 19 14:23:26 IST 2026,Auto_Prompt_9620658f,Agent_Auto_Prompt_9620658f
Wed Aug 19 14:23:26 IST 2026,Auto_Prompt_93cf648c,Agent_Auto_Prompt_93cf648c
Wed Aug 19 14:23:26 IST 2026,Auto_Prompt_bfd7fb11,Agent_Auto_Prompt_bfd7fb11
Wed Aug 19 14:23:26 IST 2026,Auto_Prompt_7727a58e,Agent_Auto_Prompt_7727a58e
Wed Aug 19 14:23:26 IST 2026,Auto_Prompt_376bbd68,Agent_Auto_Prompt_376bbd68
Wed Aug 19 14:23:27 IST 2026,Auto_Prompt_92dce24b,Agent_Auto_Prompt_92dce24b
Wed Aug 19 14:23:27 IST 2026,Auto_Prompt_79225a06,Agent_Auto_Prompt_79225a06
Wed Aug 19 14:23:27 IST 2026,Auto_Prompt_d64742b4,Agent_Auto_Prompt_d64742b4
Wed Aug 19 14:23:27 IST 2026,Auto_Prompt_97edd9dd,Agent_Auto_Prompt_97edd9dd
Wed Aug 19 14:23:27 IST 2026,Auto_Prompt_3992e036,Agent_Auto_Prompt_3992e036
Wed Aug 19 14:23:27 IST 2026,Auto_Prompt_25449c46,Agent_Auto_Prompt_25449c46
Wed Aug 19 14:23:27 IST 2026,Auto_Prompt_3bff1bdb,Agent_Auto_Prompt_3bff1bdb
Wed Aug 19 14:23:27 IST 2026,Auto_Prompt_048400d6,Agent_Auto_Prompt_048400d6
Wed Aug 19 14:23:28 IST 2026,Auto_Prompt_a92dd918,Agent_Auto_Prompt_a92dd918
Wed Aug 19 14:23:28 IST 2026,Auto_Prompt_7fc809c3,Agent_Auto_Prompt_7fc809c3
Wed Aug 19 14:23:28 IST 2026,Auto_Prompt_cee0516b,Agent_Auto_Prompt_cee0516b
Wed Aug 19 14:23:28 IST 2026,Auto_Prompt_c62284e8,Agent_Auto_Prompt_c62284e8
Wed Aug 19 14:23:28 IST 2026,Auto_Prompt_33fc41fe,Agent_Auto_Prompt_33fc41fe
Wed Aug 19 14:23:28 IST 2026,Auto_Prompt_f68d9053,Agent_Auto_Prompt_f68d9053
Wed Aug 19 14:23:28 IST 2026,Auto_Prompt_1670b74a,Agent_Auto_Prompt_1670b74a
Wed Aug 19 14:23:29 IST 2026,Auto_Prompt_055a99dd,Agent_Auto_Prompt_055a99dd
Wed Aug 19 14:23:29 IST 2026,Auto_Prompt_0c4ab080,Agent_Auto_Prompt_0c4ab080
Wed Aug 19 14:23:29 IST 2026,Auto_Prompt_5c33dd44,Agent_Auto_Prompt_5c33dd44
Wed Aug 19 14:23:29 IST 2026,Auto_Prompt_f9721261,Agent_Auto_Prompt_f9721261
Wed Aug 19 14:23:29 IST 2026,Auto_Prompt_8ce015fe,Agent_Auto_Prompt_8ce015fe
Wed Aug 19 14:23:29 IST 2026,Auto_Prompt_bc162985,Agent_Auto_Prompt_bc162985
Wed Aug 19 14:23:29 IST 2026,Auto_Prompt_98b2cf8d,Agent_Auto_Prompt_98b2cf8d
Wed Aug 19 14:23:29 IST 2026,Auto_Prompt_156cef45,Agent_Auto_Prompt_156cef45
Wed Aug 19 14:23:29 IST 2026,Auto_Prompt_0284cae4,Agent_Auto_Prompt_0284cae4
Wed Aug 19 14:23:30 IST 2026,Auto_Prompt_64625791,Agent_Auto_Prompt_64625791
Wed Aug 19 14:23:30 IST 2026,Auto_Prompt_d345669b,Agent_Auto_Prompt_d345669b
Wed Aug 19 14:23:30 IST 2026,Auto_Prompt_ca28e040,Agent_Auto_Prompt_ca28e040
Wed Aug 19 14:23:30 IST 2026,Auto_Prompt_557d8fe7,Agent_Auto_Prompt_557d8fe7
Wed Aug 19 14:23:30 IST 2026,Auto_Prompt_c66e1c53,Agent_Auto_Prompt_c66e1c53
Wed Aug 19 14:23:30 IST 2026,Auto_Prompt_93278981,Agent_Auto_Prompt_93278981
Wed Aug 19 14:23:30 IST 2026,Auto_Prompt_0fa02b1e,Agent_Auto_Prompt_0fa02b1e
Wed Aug 19 14:23:31 IST 2026,Auto_Prompt_cda35d1c,Agent_Auto_Prompt_cda35d1c
